Name,year,selling_price,km_driven,fuel,seller_type,transmission,owner,mileage,engine,max_power,torque,seats
" Maruti Alto 800 LXI Opt",2023,410000,10000,Petrol,Individual," Manual","First Owner","19.03 kmpl","999 CC",71.01bhp,96Nm,5
" Skoda Slavia 1.0 TSI Ambition",2023,1350000,10000,Petrol,Individual," Manual","First Owner","14.08 kmpl","1956 CC",167.67bhp,350nm,5
" BMW 3 Series Gran Limousine 320Ld Luxury Line",2023,5800000,1000,Diesel,Dealer," Automatic","First Owner","18.15 kmpl","998 CC",118.35bhp,172Nm,5
" MG ZS EV Exclusive",2023,2650000,10000,Electric,Dealer," Automatic","First Owner","32.52 kmpl","998 CC",58.33bhp,78Nm,5
" Tata Punch Adventure",2023,715000,10000,Petrol,Individual," Manual","First Owner","12.15 kmpl","1451 CC",141bhp,250Nm,5
" Maruti S-Presso VXi Plus",2023,450000,30171,Petrol,Individual," Manual","First Owner","19.03 kmpl","999 CC",71.01bhp,96Nm,5
" Maruti S-Presso LXi",2022,425000,1994,Petrol,Dealer," Manual","First Owner","19.47 kmpl","999 CC",113.98bhp,178Nm,5
" Hyundai Creta SX Turbo",2022,1895000,22000,Petrol,Individual," Automatic","First Owner","12.15 kmpl","1997 CC",296.3bhp,400Nm,5
" Renault Kiger RXT AMT Opt DT",2022,842000,6424,Petrol,Individual," Automatic","First Owner","14.08 kmpl","1956 CC",167.67bhp,350nm,5
" Renault KWID CLIMBER",2022,567000,5148,Petrol,Dealer," Manual","First Owner","18.15 kmpl","998 CC",118.35bhp,172Nm,5
" Mahindra XUV300 W8 Diesel Sunroof",2022,1197000,5030,Diesel,Individual," Manual","Second Owner","32.52 kmpl","998 CC",58.33bhp,78Nm,5
" Mahindra XUV700 AX5 Diesel AT",2022,2275000,28000,Diesel,Individual," Automatic","First Owner","12.15 kmpl","1451 CC",141bhp,250Nm,5
" Renault Triber RXT",2022,800000,10000,Petrol,Individual," Manual","Second Owner","21.01 kmpl","1197 CC",81.80bhp,113Nm,5
" Hyundai Creta SX Diesel AT",2021,1950000,8000,Diesel,Individual," Automatic","First Owner","13.38 kmpl","2993 CC","265 bhp","620Nm@ 1500-2500rpm",5
" Renault KWID CLIMBER",2021,567000,5868,Petrol,Individual," Manual","First Owner","18.15 kmpl","998 CC",118.35bhp,172Nm,5
" Nissan Magnite XV Premium",2021,850000,2963,Petrol,Individual," Manual","First Owner","32.52 kmpl","998 CC",58.33bhp,78Nm,5
" Renault Triber RXZ",2021,785000,11192,Petrol,Individual," Manual","Second Owner","12.15 kmpl","1451 CC",141bhp,250Nm,5
" Hyundai Tucson Platinum AT",2021,2975000,3600,Petrol,Dealer," Automatic","First Owner","21.01 kmpl","1197 CC",81.80bhp,113Nm,5
" Maruti Alto 800 LXI Opt",2021,358000,29751,Petrol,Dealer," Manual","First Owner","19.03 kmpl","999 CC",71.01bhp,96Nm,5
" Hyundai i20 Sportz Diesel",2021,977000,13522,Diesel,Individual," Manual","First Owner","18.15 kmpl","2198 CC",182.38bhp,450Nm,5
"BMW X7 xDrive 30d DPE",2020,7200000,5000,Diesel,Individual,Automatic,"First Owner","13.38 kmpl","2993 CC","265 bhp","620Nm@ 1500-2500rpm",7
"Datsun GO T Option",2020,450000,10000,Petrol,Individual,Manual,"First Owner","19.02 kmpl","1198 CC","67.05 bhp","104Nm@ 4000rpm",5
"Datsun RediGO 1.0 S",2020,350000,2136,Petrol,Individual,Manual,"First Owner","22.5 kmpl","999 CC","67 bhp","91Nm@ 4250rpm",5
"Ford Freestyle Titanium Petrol BSIV",2020,400000,5000,Petrol,Individual,Manual,"Second Owner","19.0 kmpl","1194 CC","94.68 bhp","120Nm@ 4250rpm",5
"Honda Civic ZX Diesel BSIV",2020,2125000,5500,Diesel,Dealer,Manual,"First Owner","26.8 kmpl","1597 CC","118 bhp","300Nm@ 2000rpm",5
"Honda Civic ZX Diesel BSIV",2020,2125000,5500,Diesel,Dealer,Manual,"First Owner","26.8 kmpl","1597 CC","118 bhp","300Nm@ 2000rpm",5
"Hyundai Creta 1.4 EX Diesel",2020,1050000,20000,Diesel,Individual,Manual,"First Owner","22.1 kmpl","1396 CC","88.7 bhp","219.7Nm@ 1500-2750rpm",5
"Hyundai Creta 1.6 CRDi AT SX Plus",2020,1950000,2700,Diesel,Dealer,Automatic,"First Owner","17.01 kmpl","1582 CC","126.2 bhp","259.9Nm@ 1900-2750rpm",5
"Hyundai Elite i20 Sportz Plus BSIV",2020,720000,5000,Petrol,Individual,Manual,"First Owner","18.6 kmpl","1197 CC","81.86 bhp","117nm@ 4000rpm",5
"Hyundai Grand i10 Nios AMT Sportz",2020,675000,5000,Petrol,Individual,Automatic,"First Owner","20.7 kmpl","1197 CC","81.86 bhp","113.75Nm@ 4000rpm",5
"Hyundai Grand i10 Nios Sportz",2020,775000,2000,Petrol,Dealer,Manual,"First Owner","20.7 kmpl","1197 CC","81.86 bhp","113.75Nm@ 4000rpm",5
"Hyundai Grand i10 Sportz",2020,330000,70000,Petrol,Individual,Manual,"Second Owner","18.9 kmpl","1197 CC","81.86 bhp","113.75nm@ 4000rpm",5
"Hyundai Santro Magna",2020,500000,1000,Petrol,Individual,Manual,"First Owner","20.3 kmpl","1086 CC","68.07 bhp","99.07Nm@ 4500rpm",5
"Hyundai Xcent 1.2 VTVT E",2020,360000,65000,Petrol,Individual,Manual,"Second Owner","20.14 kmpl","1197 CC","81.86 bhp","113.75nm@ 4000rpm",5
"Hyundai Xcent 1.2 VTVT SX",2020,524000,32000,Petrol,Individual,Manual,"First Owner","20.14 kmpl","1197 CC","81.86 bhp","113.75nm@ 4000rpm",5
"Hyundai Xcent 1.2 VTVT SX",2020,524000,32000,Petrol,Individual,Manual,"First Owner","20.14 kmpl","1197 CC","81.86 bhp","113.75nm@ 4000rpm",5
"Kia Seltos HTX Plus AT D",2020,1900000,5000,Diesel,Dealer,Automatic,"First Owner","17.8 kmpl","1493 CC","113.4 bhp","250nm@ 1500-2750rpm",5
"Kia Seltos HTX Plus AT D",2020,1900000,5000,Diesel,Dealer,Automatic,"First Owner","17.8 kmpl","1493 CC","113.4 bhp","250nm@ 1500-2750rpm",5
"Mahindra Bolero Pik-Up FB 1.7T",2020,679000,5000,Diesel,Individual,Manual,"First Owner","0.0 kmpl","2523 CC","70 bhp","200Nm@ 1400-2200rpm",2
"Mahindra KUV 100 D75 K6 Plus",2020,480000,44665,Diesel,Individual,Manual,"First Owner","25.32 kmpl","1198 CC","77 bhp","190Nm@ 1750-2250rpm",6
"Mahindra KUV 100 D75 K8",2020,550000,60000,Diesel,Individual,Manual,"First Owner","25.32 kmpl","1198 CC","77 bhp","190Nm@ 1750-2250rpm",6
"Mahindra Scorpio S11 4WD BSIV",2020,1500000,50000,Diesel,Individual,Manual,"First Owner","16.36 kmpl","2179 CC","140 bhp","320Nm@ 1500-2800rpm",7
"Mahindra XUV500 W7",2020,830000,120000,Diesel,Individual,Manual,"First Owner","15.1 kmpl","2179 CC","152.87 bhp","360Nm@ 1750-2800rpm",7
"Maruti Alto 800 LXI",2020,350000,5000,Petrol,Individual,Manual,"First Owner","22.05 kmpl","796 CC","47.3 bhp","69Nm@ 3500rpm",5
"Maruti Alto 800 LXI",2020,350000,5000,Petrol,Individual,Manual,"First Owner","22.05 kmpl","796 CC","47.3 bhp","69Nm@ 3500rpm",5
"Maruti Alto 800 LXI CNG",2020,370000,16000,CNG,Individual,Manual,"First Owner","33.0 km/kg","796 CC","47.3 bhp","69Nm@ 3500rpm",5
"Maruti Alto 800 VXI",2020,250999,30000,Petrol,Individual,Manual,"First Owner","22.05 kmpl","796 CC","47.3 bhp","69Nm@ 3500rpm",5
"Maruti Alto 800 VXI",2020,360000,5000,Petrol,Individual,Manual,"First Owner","22.05 kmpl","796 CC","47.3 bhp","69Nm@ 3500rpm",5
"Maruti Alto 800 VXI Plus",2020,370000,15000,Petrol,Individual,Manual,"First Owner","22.05 kmpl","796 CC","47.3 bhp","69Nm@ 3500rpm",5
"Maruti Alto K10 VXI",2020,390000,6000,Petrol,Individual,Manual,"First Owner","23.95 kmpl","998 CC","67.05 bhp","90Nm@ 3500rpm",5
"Maruti Baleno Alpha",2020,749000,5500,Petrol,Individual,Manual,"First Owner","21.01 kmpl","1197 CC","81.80 bhp","113Nm@ 4200rpm",5
"Maruti Baleno Delta",2020,630000,5000,Petrol,Individual,Manual,"First Owner","21.01 kmpl","1197 CC","81.80 bhp","113Nm@ 4200rpm",5
"Maruti Baleno Delta",2020,650000,7300,Petrol,Individual,Manual,"First Owner","21.01 kmpl","1197 CC","81.80 bhp","113Nm@ 4200rpm",5
"Maruti Celerio VXI",2020,475000,13000,Petrol,Individual,Manual,"First Owner","21.63 kmpl","998 CC","67.04 bhp","90Nm@ 3500rpm",5
"Maruti Celerio X ZXI",2020,250000,120000,Petrol,Individual,Manual,"Second Owner","21.63 kmpl","998 CC","67 bhp","90Nm@ 3500rpm",5
"Maruti Celerio ZXI",2020,420000,25000,Petrol,Individual,Manual,"First Owner","21.63 kmpl","998 CC","67.04 bhp","90Nm@ 3500rpm",5
"Maruti Dzire LXI",2020,550000,15000,Petrol,Individual,Manual,"First Owner","23.26 kmpl","1197 CC","88.50 bhp","113nm@ 4400rpm",5
"Maruti Dzire VXI",2020,580000,70000,Petrol,Individual,Manual,"First Owner","23.26 kmpl","1197 CC","88.50 bhp","113nm@ 4400rpm",5
"Maruti Dzire ZXI",2020,700000,20000,Petrol,Individual,Manual,"First Owner","23.26 kmpl","1197 CC","88.50 bhp","113nm@ 4400rpm",5
"Maruti Eeco 5 Seater AC BSIV",2020,415000,15000,Petrol,Individual,Manual,"First Owner","15.37 kmpl","1196 CC","73 bhp","101Nm@ 3000rpm",5
"Maruti Eeco CNG 5 Seater AC",2020,409999,35000,CNG,Individual,Manual,"First Owner","20.88 km/kg","1196 CC","61.7 bhp","85Nm@ 3000rpm",5
"Maruti Eeco CNG 5 Seater AC BSIV",2020,399000,5000,CNG,Individual,Manual,"First Owner","21.94 km/kg","1196 CC","61.7 bhp","85Nm@ 3000rpm",5
"Maruti Ignis Zeta AMT",2020,600000,5000,Petrol,Individual,Automatic,"First Owner","20.89 kmpl","1197 CC","81.80 bhp","113Nm@ 4200rpm",5
"Maruti Ignis Zeta AMT",2020,600000,5000,Petrol,Individual,Automatic,"First Owner","20.89 kmpl","1197 CC","81.80 bhp","113Nm@ 4200rpm",5
"Maruti Swift AMT VXI",2020,654000,1000,Petrol,Individual,Automatic,"First Owner","21.21 kmpl","1197 CC","81.80 bhp","113Nm@ 4200rpm",5
"Maruti Swift Dzire VXI 1.2",2020,730000,1500,Petrol,Individual,Manual,"First Owner","21.21 kmpl","1197 CC","81.80 bhp","113Nm@ 4200rpm",5
"Maruti Swift LXI",2020,445000,1000,Petrol,Individual,Manual,"First Owner","21.21 kmpl","1197 CC","81.80 bhp","113Nm@ 4200rpm",5
"Maruti Swift LXI",2020,445000,1000,Petrol,Individual,Manual,"First Owner","21.21 kmpl","1197 CC","81.80 bhp","113Nm@ 4200rpm",5
"Maruti Swift VXI",2020,570000,5000,Petrol,Individual,Manual,"First Owner","21.21 kmpl","1197 CC","81.80 bhp","113Nm@ 4200rpm",5
"Maruti Swift VXI",2020,600000,5000,Petrol,Individual,Manual,"First Owner","21.21 kmpl","1197 CC","81.80 bhp","113Nm@ 4200rpm",5
"Maruti Swift VXI",2020,600000,5000,Petrol,Individual,Manual,"First Owner","21.21 kmpl","1197 CC","81.80 bhp","113Nm@ 4200rpm",5
"Maruti Swift ZXI Plus",2020,578000,5000,Petrol,Individual,Manual,"First Owner","21.21 kmpl","1197 CC","81.80 bhp","113Nm@ 4200rpm",5
"Maruti Vitara Brezza VDi",2020,810000,15000,Diesel,Individual,Manual,"First Owner","24.3 kmpl","1248 CC","88.5 bhp","200Nm@ 1750rpm",5
"Maruti Vitara Brezza ZDi AMT",2020,925000,7400,Diesel,Individual,Automatic,"First Owner","24.3 kmpl","1248 CC","88.5 bhp","200Nm@ 1750rpm",5
"Maruti Vitara Brezza ZXI Plus AT Dual Tone",2020,737000,10000,Petrol,Individual,Automatic,"First Owner","18.76 kmpl","1462 CC","103.26 bhp","138nm@ 4400rpm",5
"Maruti Wagon R LXI",2020,265000,70000,Petrol,Individual,Manual,"Second Owner","21.79 kmpl","998 CC","67.05 bhp","90Nm@ 3500rpm",5
"MG Hector Sharp DCT Dualtone",2020,1900000,1600,Petrol,Dealer,Automatic,"First Owner","13.96 kmpl","1451 CC","141 bhp","250Nm@ 1600-3600rpm",5
"Tata Harrier XZ Plus",2020,1650000,16000,Diesel,Dealer,Manual,"First Owner","17.0 kmpl","1956 CC","167.67 bhp","350Nm@ 1750-2500rpm",5
"Tata Nexon 1.2 Revotron XM",2020,537000,5000,Petrol,Individual,Manual,"First Owner","17.0 kmpl","1198 CC","108.5 bhp","170Nm@ 1750-4000rpm",5
"Tata Nexon 1.2 Revotron XZ Plus",2020,919999,20000,Petrol,Individual,Manual,"First Owner","17.0 kmpl","1198 CC","108.5 bhp","170Nm@ 1750-4000rpm",5
"Tata Nexon 1.2 Revotron XZA Plus",2020,950000,5000,Petrol,Individual,Automatic,"First Owner","17.0 kmpl","1198 CC","108.5 bhp","170Nm@ 1750-4000rpm",5
"Tata Tiago 2019-2020 XZ",2020,500000,15000,Petrol,Individual,Manual,"First Owner","23.84 kmpl","1199 CC","83.83 bhp","114Nm@ 3500rpm",5
"Tata Zest Revotron 1.2 XT",2020,500000,40000,Petrol,Individual,Manual,"First Owner","17.57 kmpl","1193 CC","88.7 bhp","140Nm@ 1500-4000rpm",5
"Tata Zest Revotron 1.2 XT",2020,500000,40000,Petrol,Individual,Manual,"First Owner","17.57 kmpl","1193 CC","88.7 bhp","140Nm@ 1500-4000rpm",5
"Tata Zest Revotron 1.2 XT",2020,500000,40000,Petrol,Individual,Manual,"First Owner","17.57 kmpl","1193 CC","88.7 bhp","140Nm@ 1500-4000rpm",5
"Tata Zest Revotron 1.2 XT",2020,500000,40000,Petrol,Individual,Manual,"First Owner","17.57 kmpl","1193 CC","88.7 bhp","140Nm@ 1500-4000rpm",5
"Toyota Fortuner 2.8 4WD AT BSIV",2020,3200000,3000,Diesel,Individual,Automatic,"First Owner","15.04 kmpl","2755 CC","174.5 bhp","450Nm@ 1600-2400rpm",7
"Toyota Innova Crysta 2.4 G MT 8 STR",2020,1560000,20102,Diesel,Dealer,Manual,"First Owner","13.68 kmpl","2393 CC","147.51 bhp","343Nm@ 1400-2800rpm",8
"Toyota Innova Crysta 2.4 ZX AT",2020,2300000,1000,Diesel,Individual,Automatic,"First Owner","13.68 kmpl","2393 CC","147.51 bhp","360Nm@ 1400-2600rpm",7
"Toyota Innova Crysta 2.7 GX AT 8 STR",2020,1500000,40000,Petrol,Individual,Automatic,"First Owner","10.75 kmpl","2694 CC","163.7 bhp","245Nm@ 4000rpm",8
"Toyota Innova Crysta 2.7 GX AT 8 STR",2020,1500000,40000,Petrol,Individual,Automatic,"First Owner","10.75 kmpl","2694 CC","163.7 bhp","245Nm@ 4000rpm",8
"Volkswagen Ameo 1.5 TDI Comfortline",2020,800000,25000,Diesel,Individual,Manual,"First Owner","21.66 kmpl","1498 CC","108.62 bhp","250Nm@ 1500-3000rpm",5
"Volkswagen Polo 1.0 TSI Highline Plus",2020,808000,5000,Petrol,Individual,Manual,"First Owner","18.24 kmpl","999 CC","108.6 bhp","175nm@ 1750-4000rpm",5
"Volkswagen Polo 1.5 TDI Comfortline",2020,260000,50000,Diesel,Individual,Manual,"First Owner","20.14 kmpl","1498 CC","88.5 bhp","230Nm@ 1500-2500rpm",5
"Audi A6 35 TFSI Matrix",2019,6223000,7800,Petrol,Dealer,Automatic,"Test Drive Car","15.26 kmpl","1798 CC","187.74 bhp","320Nm@ 1400-4100rpm",5
"Audi A6 35 TFSI Matrix",2019,5923000,11500,Petrol,Dealer,Automatic,"Test Drive Car","15.26 kmpl","1798 CC","187.74 bhp","320Nm@ 1400-4100rpm",5
"Audi A6 35 TFSI Matrix",2019,6523000,23600,Petrol,Dealer,Automatic,"Test Drive Car","15.26 kmpl","1798 CC","187.74 bhp","320Nm@ 1400-4100rpm",5
"BMW 5 Series 520d Luxury Line",2019,5200000,10000,Diesel,Dealer,Automatic,"First Owner","18.12 kmpl","1995 CC","190 bhp","400Nm@ 1750-2500rpm",5
"BMW 5 Series 520d Luxury Line",2019,5200000,10000,Diesel,Dealer,Automatic,"First Owner","18.12 kmpl","1995 CC","190 bhp","400Nm@ 1750-2500rpm",5
"BMW X4 M Sport X xDrive20d",2019,5800000,7500,Diesel,Dealer,Automatic,"First Owner","16.78 kmpl","1995 CC","190 bhp","400Nm@ 1750-2500rpm",5
"BMW X4 M Sport X xDrive20d",2019,5400000,7500,Diesel,Dealer,Automatic,"First Owner","16.78 kmpl","1995 CC","190 bhp","400Nm@ 1750-2500rpm",5
"BMW X4 M Sport X xDrive20d",2019,5500000,8500,Diesel,Dealer,Automatic,"First Owner","16.78 kmpl","1995 CC","190 bhp","400Nm@ 1750-2500rpm",5
"BMW X4 M Sport X xDrive20d",2019,5400000,7500,Diesel,Dealer,Automatic,"First Owner","16.78 kmpl","1995 CC","190 bhp","400Nm@ 1750-2500rpm",5
"BMW X4 M Sport X xDrive20d",2019,5500000,8500,Diesel,Dealer,Automatic,"First Owner","16.78 kmpl","1995 CC","190 bhp","400Nm@ 1750-2500rpm",5
"BMW X4 M Sport X xDrive20d",2019,5400000,7500,Diesel,Dealer,Automatic,"First Owner","16.78 kmpl","1995 CC","190 bhp","400Nm@ 1750-2500rpm",5
"BMW X4 M Sport X xDrive20d",2019,5500000,8500,Diesel,Dealer,Automatic,"First Owner","16.78 kmpl","1995 CC","190 bhp","400Nm@ 1750-2500rpm",5
"BMW X4 M Sport X xDrive20d",2019,5400000,7500,Diesel,Dealer,Automatic,"First Owner","16.78 kmpl","1995 CC","190 bhp","400Nm@ 1750-2500rpm",5
"BMW X4 M Sport X xDrive20d",2019,5500000,8500,Diesel,Dealer,Automatic,"First Owner","16.78 kmpl","1995 CC","190 bhp","400Nm@ 1750-2500rpm",5
"BMW X4 M Sport X xDrive20d",2019,5400000,7500,Diesel,Dealer,Automatic,"First Owner","16.78 kmpl","1995 CC","190 bhp","400Nm@ 1750-2500rpm",5
"BMW X4 M Sport X xDrive20d",2019,5500000,8500,Diesel,Dealer,Automatic,"First Owner","16.78 kmpl","1995 CC","190 bhp","400Nm@ 1750-2500rpm",5
"BMW X4 M Sport X xDrive20d",2019,5400000,7500,Diesel,Dealer,Automatic,"First Owner","16.78 kmpl","1995 CC","190 bhp","400Nm@ 1750-2500rpm",5
"BMW X4 M Sport X xDrive20d",2019,5500000,8500,Diesel,Dealer,Automatic,"First Owner","16.78 kmpl","1995 CC","190 bhp","400Nm@ 1750-2500rpm",5
"BMW X4 M Sport X xDrive20d",2019,5400000,7500,Diesel,Dealer,Automatic,"First Owner","16.78 kmpl","1995 CC","190 bhp","400Nm@ 1750-2500rpm",5
"BMW X4 M Sport X xDrive20d",2019,5500000,8500,Diesel,Dealer,Automatic,"First Owner","16.78 kmpl","1995 CC","190 bhp","400Nm@ 1750-2500rpm",5
"BMW X4 M Sport X xDrive20d",2019,5400000,7500,Diesel,Dealer,Automatic,"First Owner","16.78 kmpl","1995 CC","190 bhp","400Nm@ 1750-2500rpm",5
"BMW X4 M Sport X xDrive20d",2019,5500000,8500,Diesel,Dealer,Automatic,"First Owner","16.78 kmpl","1995 CC","190 bhp","400Nm@ 1750-2500rpm",5
"BMW X4 M Sport X xDrive20d",2019,5400000,7500,Diesel,Dealer,Automatic,"First Owner","16.78 kmpl","1995 CC","190 bhp","400Nm@ 1750-2500rpm",5
"BMW X4 M Sport X xDrive20d",2019,5500000,8500,Diesel,Dealer,Automatic,"First Owner","16.78 kmpl","1995 CC","190 bhp","400Nm@ 1750-2500rpm",5
"BMW X4 M Sport X xDrive20d",2019,5400000,7500,Diesel,Dealer,Automatic,"First Owner","16.78 kmpl","1995 CC","190 bhp","400Nm@ 1750-2500rpm",5
"BMW X4 M Sport X xDrive20d",2019,5500000,8500,Diesel,Dealer,Automatic,"First Owner","16.78 kmpl","1995 CC","190 bhp","400Nm@ 1750-2500rpm",5
"BMW X4 M Sport X xDrive20d",2019,5400000,7500,Diesel,Dealer,Automatic,"First Owner","16.78 kmpl","1995 CC","190 bhp","400Nm@ 1750-2500rpm",5
"BMW X4 M Sport X xDrive20d",2019,5500000,8500,Diesel,Dealer,Automatic,"First Owner","16.78 kmpl","1995 CC","190 bhp","400Nm@ 1750-2500rpm",5
"BMW X4 M Sport X xDrive20d",2019,5400000,7500,Diesel,Dealer,Automatic,"First Owner","16.78 kmpl","1995 CC","190 bhp","400Nm@ 1750-2500rpm",5
"BMW X4 M Sport X xDrive20d",2019,5500000,8500,Diesel,Dealer,Automatic,"First Owner","16.78 kmpl","1995 CC","190 bhp","400Nm@ 1750-2500rpm",5
"BMW X4 M Sport X xDrive20d",2019,5400000,7500,Diesel,Dealer,Automatic,"First Owner","16.78 kmpl","1995 CC","190 bhp","400Nm@ 1750-2500rpm",5
"BMW X4 M Sport X xDrive20d",2019,5500000,8500,Diesel,Dealer,Automatic,"First Owner","16.78 kmpl","1995 CC","190 bhp","400Nm@ 1750-2500rpm",5
"BMW X4 M Sport X xDrive20d",2019,5400000,7500,Diesel,Dealer,Automatic,"First Owner","16.78 kmpl","1995 CC","190 bhp","400Nm@ 1750-2500rpm",5
"BMW X4 M Sport X xDrive20d",2019,5500000,8500,Diesel,Dealer,Automatic,"First Owner","16.78 kmpl","1995 CC","190 bhp","400Nm@ 1750-2500rpm",5
"BMW X4 M Sport X xDrive20d",2019,5400000,7500,Diesel,Dealer,Automatic,"First Owner","16.78 kmpl","1995 CC","190 bhp","400Nm@ 1750-2500rpm",5
"BMW X4 M Sport X xDrive20d",2019,5500000,8500,Diesel,Dealer,Automatic,"First Owner","16.78 kmpl","1995 CC","190 bhp","400Nm@ 1750-2500rpm",5
"BMW X4 M Sport X xDrive20d",2019,5400000,7500,Diesel,Dealer,Automatic,"First Owner","16.78 kmpl","1995 CC","190 bhp","400Nm@ 1750-2500rpm",5
"BMW X4 M Sport X xDrive20d",2019,5500000,8500,Diesel,Dealer,Automatic,"First Owner","16.78 kmpl","1995 CC","190 bhp","400Nm@ 1750-2500rpm",5
"BMW X4 M Sport X xDrive20d",2019,5400000,7500,Diesel,Dealer,Automatic,"First Owner","16.78 kmpl","1995 CC","190 bhp","400Nm@ 1750-2500rpm",5
"BMW X4 M Sport X xDrive20d",2019,5500000,8500,Diesel,Dealer,Automatic,"First Owner","16.78 kmpl","1995 CC","190 bhp","400Nm@ 1750-2500rpm",5
"BMW X4 M Sport X xDrive20d",2019,5400000,7500,Diesel,Dealer,Automatic,"First Owner","16.78 kmpl","1995 CC","190 bhp","400Nm@ 1750-2500rpm",5
"BMW X4 M Sport X xDrive20d",2019,5500000,8500,Diesel,Dealer,Automatic,"First Owner","16.78 kmpl","1995 CC","190 bhp","400Nm@ 1750-2500rpm",5
"BMW X4 M Sport X xDrive20d",2019,5400000,7500,Diesel,Dealer,Automatic,"First Owner","16.78 kmpl","1995 CC","190 bhp","400Nm@ 1750-2500rpm",5
"BMW X4 M Sport X xDrive20d",2019,5500000,8500,Diesel,Dealer,Automatic,"First Owner","16.78 kmpl","1995 CC","190 bhp","400Nm@ 1750-2500rpm",5
"BMW X4 M Sport X xDrive20d",2019,5400000,7500,Diesel,Dealer,Automatic,"First Owner","16.78 kmpl","1995 CC","190 bhp","400Nm@ 1750-2500rpm",5
"BMW X4 M Sport X xDrive20d",2019,5500000,8500,Diesel,Dealer,Automatic,"First Owner","16.78 kmpl","1995 CC","190 bhp","400Nm@ 1750-2500rpm",5
"BMW X4 M Sport X xDrive20d",2019,5400000,7500,Diesel,Dealer,Automatic,"First Owner","16.78 kmpl","1995 CC","190 bhp","400Nm@ 1750-2500rpm",5
"BMW X4 M Sport X xDrive20d",2019,5500000,8500,Diesel,Dealer,Automatic,"First Owner","16.78 kmpl","1995 CC","190 bhp","400Nm@ 1750-2500rpm",5
"BMW X4 M Sport X xDrive20d",2019,5400000,7500,Diesel,Dealer,Automatic,"First Owner","16.78 kmpl","1995 CC","190 bhp","400Nm@ 1750-2500rpm",5
"BMW X4 M Sport X xDrive20d",2019,5500000,8500,Diesel,Dealer,Automatic,"First Owner","16.78 kmpl","1995 CC","190 bhp","400Nm@ 1750-2500rpm",5
"BMW X4 M Sport X xDrive20d",2019,5400000,7500,Diesel,Dealer,Automatic,"First Owner","16.78 kmpl","1995 CC","190 bhp","400Nm@ 1750-2500rpm",5
"BMW X4 M Sport X xDrive20d",2019,5500000,8500,Diesel,Dealer,Automatic,"First Owner","16.78 kmpl","1995 CC","190 bhp","400Nm@ 1750-2500rpm",5
"BMW X4 M Sport X xDrive20d",2019,5400000,7500,Diesel,Dealer,Automatic,"First Owner","16.78 kmpl","1995 CC","190 bhp","400Nm@ 1750-2500rpm",5
"BMW X4 M Sport X xDrive20d",2019,5500000,8500,Diesel,Dealer,Automatic,"First Owner","16.78 kmpl","1995 CC","190 bhp","400Nm@ 1750-2500rpm",5
"BMW X4 M Sport X xDrive20d",2019,5400000,7500,Diesel,Dealer,Automatic,"First Owner","16.78 kmpl","1995 CC","190 bhp","400Nm@ 1750-2500rpm",5
"BMW X4 M Sport X xDrive20d",2019,5500000,8500,Diesel,Dealer,Automatic,"First Owner","16.78 kmpl","1995 CC","190 bhp","400Nm@ 1750-2500rpm",5
"BMW X4 M Sport X xDrive20d",2019,5400000,7500,Diesel,Dealer,Automatic,"First Owner","16.78 kmpl","1995 CC","190 bhp","400Nm@ 1750-2500rpm",5
"BMW X4 M Sport X xDrive20d",2019,5500000,8500,Diesel,Dealer,Automatic,"First Owner","16.78 kmpl","1995 CC","190 bhp","400Nm@ 1750-2500rpm",5
"BMW X4 M Sport X xDrive20d",2019,5400000,7500,Diesel,Dealer,Automatic,"First Owner","16.78 kmpl","1995 CC","190 bhp","400Nm@ 1750-2500rpm",5
"BMW X4 M Sport X xDrive20d",2019,5500000,8500,Diesel,Dealer,Automatic,"First Owner","16.78 kmpl","1995 CC","190 bhp","400Nm@ 1750-2500rpm",5
"BMW X4 M Sport X xDrive20d",2019,5400000,7500,Diesel,Dealer,Automatic,"First Owner","16.78 kmpl","1995 CC","190 bhp","400Nm@ 1750-2500rpm",5
"BMW X4 M Sport X xDrive20d",2019,5500000,8500,Diesel,Dealer,Automatic,"First Owner","16.78 kmpl","1995 CC","190 bhp","400Nm@ 1750-2500rpm",5
"BMW X4 M Sport X xDrive20d",2019,5400000,7500,Diesel,Dealer,Automatic,"First Owner","16.78 kmpl","1995 CC","190 bhp","400Nm@ 1750-2500rpm",5
"BMW X4 M Sport X xDrive20d",2019,5500000,8500,Diesel,Dealer,Automatic,"First Owner","16.78 kmpl","1995 CC","190 bhp","400Nm@ 1750-2500rpm",5
"BMW X4 M Sport X xDrive20d",2019,5800000,21000,Diesel,Dealer,Automatic,"First Owner","16.78 kmpl","1995 CC","190 bhp","400Nm@ 1750-2500rpm",5
"BMW X4 M Sport X xDrive20d",2019,5400000,7500,Diesel,Dealer,Automatic,"First Owner","16.78 kmpl","1995 CC","190 bhp","400Nm@ 1750-2500rpm",5
"BMW X4 M Sport X xDrive20d",2019,5500000,8500,Diesel,Dealer,Automatic,"First Owner","16.78 kmpl","1995 CC","190 bhp","400Nm@ 1750-2500rpm",5
"Datsun GO A Option Petrol",2019,500000,10000,Petrol,Individual,Manual,"First Owner","19.02 kmpl","1198 CC","67.05 bhp","104Nm@ 4000rpm",5
"Datsun GO D Petrol",2019,300000,40000,Petrol,Individual,Manual,"First Owner","19.02 kmpl","1198 CC","67.05 bhp","104Nm@ 4000rpm",5
"Datsun GO Plus T VDC",2019,590000,4000,Petrol,Individual,Manual,"First Owner","19.72 kmpl","1198 CC","67 bhp","104Nm@ 4000rpm",7
"Datsun GO T Petrol",2019,459999,35000,Petrol,Individual,Manual,"First Owner","19.83 kmpl","1198 CC","67 bhp","104Nm@ 4000rpm",5
"Datsun RediGO 1.0 T Option",2019,390000,10000,Petrol,Individual,Manual,"First Owner","22.5 kmpl","999 CC","67 bhp","91Nm@ 4250rpm",5
"Datsun RediGO A",2019,270000,2300,Petrol,Individual,Manual,"First Owner","22.7 kmpl","799 CC","53.64 bhp","72Nm@ 4386rpm",5
"Datsun RediGO SV 1.0",2019,325000,1300,Petrol,Individual,Manual,"First Owner","22.5 kmpl","999 CC","67 bhp","91Nm@ 4250rpm",5
"Ford Aspire Titanium BSIV",2019,800000,33000,Petrol,Dealer,Manual,"First Owner","19.4 kmpl","1194 CC","94.93 bhp","120Nm@ 4250rpm",5
"Ford Aspire Titanium BSIV",2019,675000,7000,Petrol,Individual,Manual,"First Owner","19.4 kmpl","1194 CC","94.93 bhp","120Nm@ 4250rpm",5
"Ford Aspire Titanium BSIV",2019,675000,7000,Petrol,Individual,Manual,"First Owner","19.4 kmpl","1194 CC","94.93 bhp","120Nm@ 4250rpm",5
"Ford Aspire Titanium BSIV",2019,575000,20000,Petrol,Individual,Manual,"First Owner","19.4 kmpl","1194 CC","94.93 bhp","120Nm@ 4250rpm",5
"Ford Ecosport 1.5 Diesel Titanium",2019,950000,16034,Diesel,Dealer,Manual,"First Owner","21.7 kmpl","1498 CC","98.96 bhp","215Nm@ 1750-2500rpm",5
"Ford EcoSport 1.5 Diesel Titanium BSIV",2019,800000,30000,Diesel,Individual,Manual,"Third Owner","23.0 kmpl","1498 CC","98.96 bhp","205Nm@ 1750-3250rpm",5
"Ford EcoSport 1.5 Diesel Titanium BSIV",2019,975000,30000,Diesel,Individual,Manual,"First Owner","23.0 kmpl","1498 CC","98.96 bhp","205Nm@ 1750-3250rpm",5
"Ford EcoSport 1.5 Diesel Titanium BSIV",2019,975000,30000,Diesel,Individual,Manual,"First Owner","23.0 kmpl","1498 CC","98.96 bhp","205Nm@ 1750-3250rpm",5
"Ford EcoSport 1.5 Diesel Titanium BSIV",2019,960000,2600,Diesel,Individual,Manual,"First Owner","23.0 kmpl","1498 CC","98.96 bhp","205Nm@ 1750-3250rpm",5
"Ford EcoSport 1.5 Diesel Titanium Plus BSIV",2019,906000,30000,Diesel,Individual,Manual,"First Owner","23.0 kmpl","1498 CC","98.96 bhp","205Nm@ 1750-3250rpm",5
"Ford EcoSport 1.5 Diesel Titanium Plus BSIV",2019,1050000,26000,Diesel,Dealer,Manual,"First Owner","23.0 kmpl","1498 CC","98.96 bhp","205Nm@ 1750-3250rpm",5
"Ford EcoSport 1.5 Diesel Titanium Plus BSIV",2019,950000,20000,Diesel,Individual,Manual,"First Owner","23.0 kmpl","1498 CC","98.96 bhp","205Nm@ 1750-3250rpm",5
"Ford EcoSport 1.5 Diesel Trend BSIV",2019,900000,35000,Diesel,Individual,Manual,"First Owner","23.0 kmpl","1498 CC","98.96 bhp","205Nm@ 1750-3250rpm",5
"Ford EcoSport 1.5 Diesel Trend Plus BSIV",2019,869999,40000,Diesel,Individual,Manual,"First Owner","23.0 kmpl","1498 CC","98.96 bhp","205Nm@ 1750-3250rpm",5
"Ford EcoSport 1.5 Petrol Titanium BSIV",2019,885000,10000,Petrol,Individual,Manual,"Second Owner","17.0 kmpl","1497 CC","121.31 bhp","150Nm@ 4500rpm",5
"Ford EcoSport S Diesel BSIV",2019,1145000,20000,Diesel,Individual,Manual,"First Owner","23.0 kmpl","1498 CC","98.96 bhp","205Nm@ 1750-3250rpm",5
"Ford Figo 1.2P Titanium MT",2019,675000,2789,Petrol,Dealer,Manual,"First Owner","18.16 kmpl","1196 CC","86.8 bhp","112Nm@ 4000rpm",5
"Ford Figo 1.2P Titanium MT",2019,530000,9500,Petrol,Individual,Manual,"First Owner","18.16 kmpl","1196 CC","86.8 bhp","112Nm@ 4000rpm",5
"Ford Figo 1.2P Titanium MT",2019,530000,9500,Petrol,Individual,Manual,"First Owner","18.16 kmpl","1196 CC","86.8 bhp","112Nm@ 4000rpm",5
"Ford Figo Titanium Blu",2019,700000,3177,Petrol,Dealer,Manual,"First Owner","18.5 kmpl","1194 CC","94.93 bhp","119Nm@ 4250rpm",5
"Ford Freestyle Titanium Diesel BSIV",2019,725000,17000,Diesel,Individual,Manual,"First Owner","24.4 kmpl","1498 CC","98.63 bhp","215Nm@ 1750-3000rpm",5
"Ford Freestyle Titanium Petrol BSIV",2019,720000,10000,Petrol,Individual,Manual,"First Owner","19.0 kmpl","1194 CC","94.68 bhp","120Nm@ 4250rpm",5
"Ford Freestyle Titanium Plus Petrol BSIV",2019,700000,6000,Petrol,Individual,Manual,"First Owner","19.0 kmpl","1194 CC","94.68 bhp","120Nm@ 4250rpm",5
"Ford Freestyle Trend Petrol BSIV",2019,681000,10000,Petrol,Individual,Manual,"First Owner","19.0 kmpl","1194 CC","94.68 bhp","120Nm@ 4250rpm",5
"Honda Amaze S CVT Diesel BSIV",2019,700000,40000,Diesel,Individual,Automatic,"First Owner","23.8 kmpl","1498 CC","78.9 bhp","160Nm@ 1750rpm",5
"Honda Amaze S CVT Diesel BSIV",2019,700000,40000,Diesel,Individual,Automatic,"First Owner","23.8 kmpl","1498 CC","78.9 bhp","160Nm@ 1750rpm",5
"Honda Amaze S CVT Petrol BSIV",2019,680000,15000,Petrol,Individual,Automatic,"First Owner","19.0 kmpl","1199 CC","88.76 bhp","110Nm@ 4800rpm",5
"Honda Amaze S i-VTEC",2019,690000,1303,Petrol,Dealer,Manual,"First Owner","17.8 kmpl","1198 CC","86.7 bhp","109Nm@ 4500rpm",5
"Honda Amaze S i-VTEC",2019,690000,1303,Petrol,Dealer,Manual,"First Owner","17.8 kmpl","1198 CC","86.7 bhp","109Nm@ 4500rpm",5
"Honda Amaze S i-VTEC",2019,690000,1303,Petrol,Dealer,Manual,"First Owner","17.8 kmpl","1198 CC","86.7 bhp","109Nm@ 4500rpm",5
"Honda Amaze S i-VTEC",2019,690000,1303,Petrol,Dealer,Manual,"First Owner","17.8 kmpl","1198 CC","86.7 bhp","109Nm@ 4500rpm",5
"Honda Amaze S i-VTEC",2019,690000,1303,Petrol,Dealer,Manual,"First Owner","17.8 kmpl","1198 CC","86.7 bhp","109Nm@ 4500rpm",5
"Honda Amaze S Petrol BSIV",2019,670000,5000,Petrol,Individual,Manual,"First Owner","19.5 kmpl","1199 CC","88.76 bhp","110Nm@ 4800rpm",5
"Honda Amaze S Petrol BSIV",2019,640000,6000,Petrol,Individual,Manual,"First Owner","19.5 kmpl","1199 CC","88.76 bhp","110Nm@ 4800rpm",5
"Honda Amaze V CVT Petrol BSIV",2019,779000,7032,Petrol,"Trustmark Dealer",Automatic,"First Owner","19.0 kmpl","1199 CC","88.76 bhp","110Nm@ 4800rpm",5
"Honda Amaze V CVT Petrol BSIV",2019,779000,7032,Petrol,"Trustmark Dealer",Automatic,"First Owner","19.0 kmpl","1199 CC","88.76 bhp","110Nm@ 4800rpm",5
"Honda Amaze V CVT Petrol BSIV",2019,779000,7032,Petrol,"Trustmark Dealer",Automatic,"First Owner","19.0 kmpl","1199 CC","88.76 bhp","110Nm@ 4800rpm",5
"Honda Amaze V CVT Petrol BSIV",2019,779000,7032,Petrol,"Trustmark Dealer",Automatic,"First Owner","19.0 kmpl","1199 CC","88.76 bhp","110Nm@ 4800rpm",5
"Honda Amaze V CVT Petrol BSIV",2019,779000,7032,Petrol,"Trustmark Dealer",Automatic,"First Owner","19.0 kmpl","1199 CC","88.76 bhp","110Nm@ 4800rpm",5
"Honda Amaze V CVT Petrol BSIV",2019,779000,7032,Petrol,"Trustmark Dealer",Automatic,"First Owner","19.0 kmpl","1199 CC","88.76 bhp","110Nm@ 4800rpm",5
"Honda Amaze V CVT Petrol BSIV",2019,779000,7032,Petrol,"Trustmark Dealer",Automatic,"First Owner","19.0 kmpl","1199 CC","88.76 bhp","110Nm@ 4800rpm",5
"Honda Amaze V CVT Petrol BSIV",2019,779000,7032,Petrol,"Trustmark Dealer",Automatic,"First Owner","19.0 kmpl","1199 CC","88.76 bhp","110Nm@ 4800rpm",5
"Honda Amaze V CVT Petrol BSIV",2019,779000,7032,Petrol,"Trustmark Dealer",Automatic,"First Owner","19.0 kmpl","1199 CC","88.76 bhp","110Nm@ 4800rpm",5
"Honda Amaze V CVT Petrol BSIV",2019,779000,7032,Petrol,"Trustmark Dealer",Automatic,"First Owner","19.0 kmpl","1199 CC","88.76 bhp","110Nm@ 4800rpm",5
"Honda Amaze V CVT Petrol BSIV",2019,779000,7032,Petrol,"Trustmark Dealer",Automatic,"First Owner","19.0 kmpl","1199 CC","88.76 bhp","110Nm@ 4800rpm",5
"Honda Amaze V CVT Petrol BSIV",2019,779000,7032,Petrol,"Trustmark Dealer",Automatic,"First Owner","19.0 kmpl","1199 CC","88.76 bhp","110Nm@ 4800rpm",5
"Honda Amaze V CVT Petrol BSIV",2019,779000,7032,Petrol,"Trustmark Dealer",Automatic,"First Owner","19.0 kmpl","1199 CC","88.76 bhp","110Nm@ 4800rpm",5
"Honda Amaze V CVT Petrol BSIV",2019,779000,7032,Petrol,"Trustmark Dealer",Automatic,"First Owner","19.0 kmpl","1199 CC","88.76 bhp","110Nm@ 4800rpm",5
"Honda Amaze V CVT Petrol BSIV",2019,779000,7032,Petrol,"Trustmark Dealer",Automatic,"First Owner","19.0 kmpl","1199 CC","88.76 bhp","110Nm@ 4800rpm",5
"Honda Amaze V CVT Petrol BSIV",2019,779000,7032,Petrol,"Trustmark Dealer",Automatic,"First Owner","19.0 kmpl","1199 CC","88.76 bhp","110Nm@ 4800rpm",5
"Honda Amaze V CVT Petrol BSIV",2019,779000,7032,Petrol,"Trustmark Dealer",Automatic,"First Owner","19.0 kmpl","1199 CC","88.76 bhp","110Nm@ 4800rpm",5
"Honda Amaze V CVT Petrol BSIV",2019,779000,7032,Petrol,"Trustmark Dealer",Automatic,"First Owner","19.0 kmpl","1199 CC","88.76 bhp","110Nm@ 4800rpm",5
"Honda Amaze V CVT Petrol BSIV",2019,779000,7032,Petrol,"Trustmark Dealer",Automatic,"First Owner","19.0 kmpl","1199 CC","88.76 bhp","110Nm@ 4800rpm",5
"Honda Amaze V CVT Petrol BSIV",2019,779000,7032,Petrol,"Trustmark Dealer",Automatic,"First Owner","19.0 kmpl","1199 CC","88.76 bhp","110Nm@ 4800rpm",5
"Honda Amaze V CVT Petrol BSIV",2019,779000,7032,Petrol,"Trustmark Dealer",Automatic,"First Owner","19.0 kmpl","1199 CC","88.76 bhp","110Nm@ 4800rpm",5
"Honda Amaze V CVT Petrol BSIV",2019,779000,7032,Petrol,"Trustmark Dealer",Automatic,"First Owner","19.0 kmpl","1199 CC","88.76 bhp","110Nm@ 4800rpm",5
"Honda Amaze V CVT Petrol BSIV",2019,779000,7032,Petrol,"Trustmark Dealer",Automatic,"First Owner","19.0 kmpl","1199 CC","88.76 bhp","110Nm@ 4800rpm",5
"Honda Amaze V CVT Petrol BSIV",2019,779000,7032,Petrol,"Trustmark Dealer",Automatic,"First Owner","19.0 kmpl","1199 CC","88.76 bhp","110Nm@ 4800rpm",5
"Honda Amaze V CVT Petrol BSIV",2019,779000,7032,Petrol,"Trustmark Dealer",Automatic,"First Owner","19.0 kmpl","1199 CC","88.76 bhp","110Nm@ 4800rpm",5
"Honda Amaze V CVT Petrol BSIV",2019,779000,7032,Petrol,"Trustmark Dealer",Automatic,"First Owner","19.0 kmpl","1199 CC","88.76 bhp","110Nm@ 4800rpm",5
"Honda Amaze V CVT Petrol BSIV",2019,779000,7032,Petrol,"Trustmark Dealer",Automatic,"First Owner","19.0 kmpl","1199 CC","88.76 bhp","110Nm@ 4800rpm",5
"Honda Amaze V CVT Petrol BSIV",2019,779000,7032,Petrol,"Trustmark Dealer",Automatic,"First Owner","19.0 kmpl","1199 CC","88.76 bhp","110Nm@ 4800rpm",5
"Honda Amaze V CVT Petrol BSIV",2019,779000,7032,Petrol,"Trustmark Dealer",Automatic,"First Owner","19.0 kmpl","1199 CC","88.76 bhp","110Nm@ 4800rpm",5
"Honda Amaze V CVT Petrol BSIV",2019,779000,7032,Petrol,"Trustmark Dealer",Automatic,"First Owner","19.0 kmpl","1199 CC","88.76 bhp","110Nm@ 4800rpm",5
"Honda Amaze V CVT Petrol BSIV",2019,779000,7032,Petrol,"Trustmark Dealer",Automatic,"First Owner","19.0 kmpl","1199 CC","88.76 bhp","110Nm@ 4800rpm",5
"Honda Amaze V Petrol BSIV",2019,700000,4500,Petrol,Individual,Manual,"First Owner","19.5 kmpl","1199 CC","88.76 bhp","110Nm@ 4800rpm",5
"Honda Amaze V Petrol BSIV",2019,700000,4500,Petrol,Individual,Manual,"First Owner","19.5 kmpl","1199 CC","88.76 bhp","110Nm@ 4800rpm",5
"Honda Amaze VX Diesel BSIV",2019,800000,10000,Diesel,Individual,Manual,"First Owner","27.4 kmpl","1498 CC","98.63 bhp","200Nm@ 1750rpm",5
"Honda Amaze VX Petrol BSIV",2019,670000,20000,Petrol,Individual,Manual,"First Owner","19.5 kmpl","1199 CC","88.76 bhp","110Nm@ 4800rpm",5
"Honda BRV i-DTEC V MT",2019,1100000,50000,Diesel,Individual,Manual,"Second Owner","21.9 kmpl","1498 CC","98.6 bhp","200Nm@ 1750rpm",7
"Honda City i-DTEC V",2019,1200000,40000,Diesel,Individual,Manual,"First Owner","25.6 kmpl","1498 CC","97.9 bhp","200Nm@ 1750rpm",5
"Honda City i-DTEC VX",2019,1110000,10500,Diesel,Individual,Manual,"First Owner","25.6 kmpl","1498 CC","97.9 bhp","200Nm@ 1750rpm",5
"Honda City i-VTEC CVT ZX",2019,1227000,5000,Petrol,Individual,Automatic,"First Owner","18.0 kmpl","1497 CC","117.6 bhp","145Nm@ 4600rpm",5
"Honda City i-VTEC CVT ZX",2019,1227000,5000,Petrol,Individual,Automatic,"First Owner","18.0 kmpl","1497 CC","117.6 bhp","145Nm@ 4600rpm",5
"Honda City VX CVT",2019,1300000,20000,Petrol,Individual,Automatic,"First Owner","17.4 kmpl","1497 CC","117.6 bhp","145Nm@ 4600rpm",5
"Honda Civic ZX",2019,2000000,24857,Petrol,Dealer,Automatic,"Test Drive Car","16.5 kmpl","1799 CC","139.46 bhp","174Nm@ 4300rpm",5
"Honda Jazz VX CVT",2019,840000,1500,Petrol,Individual,Automatic,"First Owner","18.2 kmpl","1199 CC","88.7 bhp","110Nm@ 4800rpm",5
"Honda Jazz VX CVT",2019,750000,3100,Petrol,Individual,Automatic,"First Owner","18.2 kmpl","1199 CC","88.7 bhp","110Nm@ 4800rpm",5
"Honda Jazz VX CVT",2019,840000,1500,Petrol,Individual,Automatic,"First Owner","18.2 kmpl","1199 CC","88.7 bhp","110Nm@ 4800rpm",5
"Honda WR-V i-DTEC VX",2019,1000000,72000,Diesel,Individual,Manual,"First Owner","25.5 kmpl","1498 CC","98.6 bhp","200Nm@ 1750rpm",5
"Honda WR-V i-VTEC VX",2019,580000,35000,Petrol,Individual,Manual,"First Owner","17.5 kmpl","1199 CC","88.7 bhp","110Nm@ 4800rpm",5
"Honda WR-V i-VTEC VX",2019,580000,35000,Petrol,Individual,Manual,"First Owner","17.5 kmpl","1199 CC","88.7 bhp","110Nm@ 4800rpm",5
"Hyundai Creta 1.4 CRDi S",2019,1050000,27000,Diesel,Individual,Manual,"First Owner","21.38 kmpl","1396 CC","88.7 bhp","219.7Nm@ 1500-2750rpm",5
"Hyundai Creta 1.4 E Plus",2019,950000,15000,Diesel,Individual,Manual,"First Owner","22.1 kmpl","1396 CC","88.7 bhp","219.7Nm@ 1500-2750rpm",5
"Hyundai Creta 1.4 E Plus",2019,990000,19600,Diesel,Individual,Manual,"First Owner","22.1 kmpl","1396 CC","88.7 bhp","219.7Nm@ 1500-2750rpm",5
"Hyundai Creta 1.4 EX Diesel",2019,1000000,15000,Diesel,Individual,Manual,"First Owner","22.1 kmpl","1396 CC","88.7 bhp","219.7Nm@ 1500-2750rpm",5
"Hyundai Creta 1.6 SX Option",2019,1150000,31000,Petrol,Dealer,Manual,"First Owner","15.8 kmpl","1591 CC","121.3 bhp","151Nm@ 4850rpm",5
"Hyundai Elite i20 Asta Option BSIV",2019,800000,35000,Petrol,Individual,Manual,"First Owner","18.6 kmpl","1197 CC","81.86 bhp","117nm@ 4000rpm",5
"Hyundai Elite i20 Asta Option Diesel",2019,850000,10000,Diesel,Individual,Manual,"First Owner","22.54 kmpl","1396 CC","88.76 bhp","224nm@ 1500-2750rpm",5
"Hyundai Elite i20 Asta Option Diesel",2019,811000,43000,Diesel,Individual,Manual,"First Owner","22.54 kmpl","1396 CC","88.76 bhp","224nm@ 1500-2750rpm",5
"Hyundai Elite i20 Diesel Sportz",2019,700000,60000,Diesel,Individual,Manual,"First Owner","22.54 kmpl","1396 CC","88.76 bhp","219.66nm@ 1500-2750rpm",5
"Hyundai Elite i20 Magna Plus BSIV",2019,610000,2000,Petrol,Individual,Manual,"First Owner","18.6 kmpl","1197 CC","81.86 bhp","117nm@ 4000rpm",5
"Hyundai Elite i20 Magna Plus BSIV",2019,600000,10000,Petrol,Individual,Manual,"First Owner","18.6 kmpl","1197 CC","81.86 bhp","117nm@ 4000rpm",5
"Hyundai Elite i20 Magna Plus BSIV",2019,650000,3500,Petrol,Individual,Manual,"First Owner","18.6 kmpl","1197 CC","81.86 bhp","117nm@ 4000rpm",5
"Hyundai Elite i20 Magna Plus BSIV",2019,630000,5000,Petrol,Individual,Manual,"First Owner","18.6 kmpl","1197 CC","81.86 bhp","117nm@ 4000rpm",5
"Hyundai Elite i20 Magna Plus BSIV",2019,625000,12500,Petrol,Individual,Manual,"First Owner","18.6 kmpl","1197 CC","81.86 bhp","117nm@ 4000rpm",5
"Hyundai Elite i20 Petrol Asta",2019,700000,17000,Petrol,Individual,Manual,"First Owner","18.6 kmpl","1197 CC","81.86 bhp","114.73nm@ 4000rpm",5
"Hyundai Elite i20 Petrol Asta Option",2019,750000,30000,Petrol,Individual,Manual,"First Owner","18.6 kmpl","1197 CC","81.86 bhp","114.73nm@ 4000rpm",5
"Hyundai Elite i20 Petrol Asta Option",2019,690000,18000,Petrol,Individual,Manual,"First Owner","18.6 kmpl","1197 CC","81.86 bhp","114.73nm@ 4000rpm",5
"Hyundai Elite i20 Petrol CVT Magna Executive",2019,585000,80000,Petrol,Individual,Automatic,"First Owner","17.4 kmpl","1197 CC","81.86 bhp","114.73nm@ 4000rpm",5
"Hyundai Elite i20 Petrol Magna Exective",2019,590000,10000,Petrol,Individual,Manual,"First Owner","18.6 kmpl","1197 CC","81.86 bhp","114.73nm@ 4000rpm",5
"Hyundai Elite i20 Petrol Sportz",2019,667000,7500,Petrol,Individual,Manual,"First Owner","18.6 kmpl","1197 CC","81.86 bhp","114.73nm@ 4000rpm",5
"Hyundai Elite i20 Sportz Plus BSIV",2019,693000,4000,Petrol,Individual,Manual,"First Owner","18.6 kmpl","1197 CC","81.86 bhp","117nm@ 4000rpm",5
"Hyundai Elite i20 Sportz Plus BSIV",2019,700000,19000,Petrol,Individual,Manual,"First Owner","18.6 kmpl","1197 CC","81.86 bhp","117nm@ 4000rpm",5
"Hyundai Elite i20 Sportz Plus CVT BSIV",2019,720000,16000,Petrol,Individual,Automatic,"First Owner","17.4 kmpl","1197 CC","81.86 bhp","117nm@ 4000rpm",5
"Hyundai Elite i20 Sportz Plus CVT BSIV",2019,695000,20000,Petrol,Individual,Automatic,"First Owner","17.4 kmpl","1197 CC","81.86 bhp","117nm@ 4000rpm",5
"Hyundai Elite i20 Sportz Plus Diesel",2019,834000,13000,Diesel,Individual,Manual,"First Owner","22.54 kmpl","1396 CC","88.76 bhp","224nm@ 1500-2750rpm",5
"Hyundai Elite i20 Sportz Plus Dual Tone BSIV",2019,685000,4300,Petrol,Dealer,Manual,"First Owner","18.6 kmpl","1197 CC","81.86 bhp","117nm@ 4000rpm",5
"Hyundai Grand i10 1.2 CRDi Asta",2019,750000,20000,Diesel,Individual,Manual,"First Owner","24.0 kmpl","1186 CC","73.97 bhp","190.24nm@ 1750-2250rpm",5
"Hyundai Grand i10 1.2 CRDi Asta",2019,700000,10000,Diesel,Individual,Manual,"First Owner","24.0 kmpl","1186 CC","73.97 bhp","190.24nm@ 1750-2250rpm",5
"Hyundai Grand i10 1.2 Kappa Magna AT",2019,550000,28000,Petrol,Individual,Automatic,"First Owner","18.9 kmpl","1197 CC","81.86 bhp","113.75nm@ 4000rpm",5
"Hyundai Grand i10 1.2 Kappa Magna AT",2019,550000,15000,Petrol,Individual,Automatic,"First Owner","18.9 kmpl","1197 CC","81.86 bhp","113.75nm@ 4000rpm",5
"Hyundai Grand i10 1.2 Kappa Magna AT",2019,567000,7000,Petrol,Individual,Automatic,"First Owner","18.9 kmpl","1197 CC","81.86 bhp","113.75nm@ 4000rpm",5
"Hyundai Grand i10 1.2 Kappa Sportz BSIV",2019,600000,20000,Petrol,Individual,Manual,"First Owner","18.9 kmpl","1197 CC","81.86 bhp","113.75nm@ 4000rpm",5
"Hyundai Grand i10 1.2 Kappa Sportz BSIV",2019,550000,15000,Petrol,Individual,Manual,"First Owner","18.9 kmpl","1197 CC","81.86 bhp","113.75nm@ 4000rpm",5
"Hyundai Grand i10 1.2 Kappa Sportz BSIV",2019,570000,13000,Petrol,Individual,Manual,"First Owner","18.9 kmpl","1197 CC","81.86 bhp","113.75nm@ 4000rpm",5
"Hyundai Grand i10 1.2 Kappa Sportz BSIV",2019,562000,5000,Petrol,Individual,Manual,"First Owner","18.9 kmpl","1197 CC","81.86 bhp","113.75nm@ 4000rpm",5
"Hyundai Grand i10 1.2 Kappa Sportz BSIV",2019,550000,10000,Petrol,Individual,Manual,"First Owner","18.9 kmpl","1197 CC","81.86 bhp","113.75nm@ 4000rpm",5
"Hyundai Grand i10 1.2 Kappa Sportz BSIV",2019,488999,15000,Petrol,Individual,Manual,"First Owner","18.9 kmpl","1197 CC","81.86 bhp","113.75nm@ 4000rpm",5
"Hyundai Grand i10 1.2 Kappa Sportz Dual Tone",2019,585000,8000,Petrol,Individual,Manual,"First Owner","18.9 kmpl","1197 CC","81.86 bhp","113.75nm@ 4000rpm",5
"Hyundai Grand i10 1.2 Kappa Sportz Dual Tone",2019,640000,10000,Petrol,Individual,Manual,"First Owner","18.9 kmpl","1197 CC","81.86 bhp","113.75nm@ 4000rpm",5
"Hyundai Grand i10 Magna AT",2019,625000,4337,Petrol,Dealer,Automatic,"First Owner","18.9 kmpl","1197 CC","82 bhp","114Nm@ 4000rpm",5
"Hyundai Grand i10 Magna AT",2019,625000,4337,Petrol,Dealer,Automatic,"First Owner","18.9 kmpl","1197 CC","82 bhp","114Nm@ 4000rpm",5
"Hyundai Grand i10 Nios Sportz",2019,550000,4701,Petrol,"Trustmark Dealer",Manual,"First Owner","20.7 kmpl","1197 CC","81.86 bhp","113.75Nm@ 4000rpm",5
"Hyundai i20 1.2 Asta",2019,721000,9400,Petrol,Dealer,Manual,"First Owner","18.6 kmpl","1197 CC","81.83 bhp","114.7Nm@ 4000rpm",5
"Hyundai i20 Active S Petrol",2019,800000,5000,Petrol,Individual,Manual,"First Owner","17.19 kmpl","1197 CC","81.86 bhp","114.73Nm@ 4000rpm",5
"Hyundai i20 Active S Petrol",2019,620000,13000,Petrol,Individual,Manual,"First Owner","17.19 kmpl","1197 CC","81.86 bhp","114.73Nm@ 4000rpm",5
"Hyundai i20 Active SX Petrol",2019,650000,10000,Petrol,Individual,Manual,"First Owner","17.19 kmpl","1197 CC","81.86 bhp","114.73Nm@ 4000rpm",5
"Hyundai i20 Active SX Petrol",2019,700000,20000,Petrol,Individual,Manual,"First Owner","17.19 kmpl","1197 CC","81.86 bhp","114.73Nm@ 4000rpm",5
"Hyundai i20 Asta Option 1.2",2019,785000,9000,Petrol,Dealer,Manual,"First Owner","18.6 kmpl","1197 CC","81.83 bhp","114.7Nm@ 4000rpm",5
"Hyundai Santro Era",2019,399000,4000,Petrol,Individual,Manual,"First Owner","20.3 kmpl","1086 CC","68 bhp","99Nm@ 4500rpm",5
"Hyundai Santro Era",2019,420000,20000,Petrol,Individual,Manual,"Second Owner","20.3 kmpl","1086 CC","68 bhp","99Nm@ 4500rpm",5
"Hyundai Santro Era",2019,425000,15000,Petrol,Individual,Manual,"First Owner","20.3 kmpl","1086 CC","68 bhp","99Nm@ 4500rpm",5
"Hyundai Santro Era",2019,420000,30000,Petrol,Individual,Manual,"First Owner","20.3 kmpl","1086 CC","68 bhp","99Nm@ 4500rpm",5
"Hyundai Santro Magna",2019,434999,19500,Petrol,Dealer,Manual,"First Owner","20.3 kmpl","1086 CC","68.07 bhp","99.07Nm@ 4500rpm",5
"Hyundai Santro Magna",2019,434999,19500,Petrol,Dealer,Manual,"First Owner","20.3 kmpl","1086 CC","68.07 bhp","99.07Nm@ 4500rpm",5
"Hyundai Santro Magna AMT BSIV",2019,499000,5000,Petrol,Individual,Automatic,"First Owner","20.3 kmpl","1086 CC","68 bhp","99Nm@ 4500rpm",5
"Hyundai Santro Magna BSIV",2019,450000,10000,Petrol,Individual,Manual,"First Owner","20.3 kmpl","1086 CC","68 bhp","99Nm@ 4500rpm",5
"Hyundai Santro Magna BSIV",2019,500000,5000,Petrol,Individual,Manual,"First Owner","20.3 kmpl","1086 CC","68 bhp","99Nm@ 4500rpm",5
"Hyundai Santro Magna BSIV",2019,500000,5000,Petrol,Individual,Manual,"First Owner","20.3 kmpl","1086 CC","68 bhp","99Nm@ 4500rpm",5
"Hyundai Santro Sportz AMT BSIV",2019,466000,25000,Petrol,Individual,Automatic,"Fourth & Above Owner","20.3 kmpl","1086 CC","68 bhp","99Nm@ 4500rpm",5
"Hyundai Santro Sportz AMT BSIV",2019,521000,3010,Petrol,Individual,Automatic,"First Owner","20.3 kmpl","1086 CC","68 bhp","99Nm@ 4500rpm",5
"Hyundai Santro Sportz AMT BSIV",2019,466000,25000,Petrol,Individual,Automatic,"Fourth & Above Owner","20.3 kmpl","1086 CC","68 bhp","99Nm@ 4500rpm",5
"Hyundai Santro Sportz BSIV",2019,458000,30000,Petrol,Individual,Manual,"First Owner","20.3 kmpl","1086 CC","68 bhp","99Nm@ 4500rpm",5
"Hyundai Santro Sportz BSIV",2019,509999,5000,Petrol,Individual,Manual,"First Owner","20.3 kmpl","1086 CC","68 bhp","99Nm@ 4500rpm",5
"Hyundai Santro Sportz BSIV",2019,430000,18500,Petrol,Individual,Manual,"First Owner","20.3 kmpl","1086 CC","68 bhp","99Nm@ 4500rpm",5
"Hyundai Venue SX Plus Dual Tone Turbo DCT",2019,1150000,2286,Petrol,"Trustmark Dealer",Automatic,"First Owner","18.15 kmpl","998 CC","118.35 bhp","171.6Nm@ 1500-4000rpm",5
"Hyundai Venue SX Plus Turbo DCT BSIV",2019,1125000,3500,Petrol,Dealer,Automatic,"First Owner","18.15 kmpl","998 CC","118.35 bhp","171.6Nm@ 1500-4000rpm",5
"Hyundai Venue SX Plus Turbo DCT BSIV",2019,1125000,3500,Petrol,Dealer,Automatic,"First Owner","18.15 kmpl","998 CC","118.35 bhp","171.6Nm@ 1500-4000rpm",5
"Hyundai Verna CRDi 1.4 EX",2019,960000,20000,Diesel,Individual,Manual,"First Owner","24.0 kmpl","1396 CC","88.76 bhp","219.66NM@ 1500-2750rpm",5
"Hyundai Verna CRDi 1.6 AT SX Option",2019,1200000,20000,Diesel,Individual,Automatic,"First Owner","22.0 kmpl","1582 CC","126.2 bhp","259.87nm@ 1500-3000rpm",5
"Hyundai Verna CRDi 1.6 SX Option",2019,1200000,40000,Diesel,Individual,Manual,"First Owner","22.0 kmpl","1582 CC","126.2 bhp","259.87nm@ 1500-3000rpm",5
"Hyundai Verna VTVT 1.6 AT SX Option",2019,1270000,20000,Petrol,Individual,Automatic,"First Owner","17.0 kmpl","1591 CC","121.3 bhp","151Nm@ 4850rpm",5
"Hyundai Verna VTVT 1.6 SX",2019,990000,15000,Petrol,Individual,Manual,"First Owner","17.0 kmpl","1591 CC","121.3 bhp","151Nm@ 4850rpm",5
"Hyundai Verna VTVT 1.6 SX Option",2019,1149000,5000,Petrol,Individual,Manual,"First Owner","17.0 kmpl","1591 CC","121.3 bhp","151Nm@ 4850rpm",5
"Hyundai Verna VTVT 1.6 SX Option",2019,1100000,10000,Petrol,Individual,Manual,"First Owner","17.0 kmpl","1591 CC","121.3 bhp","151Nm@ 4850rpm",5
"Hyundai Verna VTVT 1.6 SX Option",2019,1149000,5000,Petrol,Individual,Manual,"First Owner","17.0 kmpl","1591 CC","121.3 bhp","151Nm@ 4850rpm",5
"Hyundai Xcent 1.2 CRDi S",2019,700000,3000,Diesel,Individual,Manual,"First Owner","25.4 kmpl","1186 CC","73.97 bhp","190.25nm@ 1750-2250rpm",5
"Hyundai Xcent 1.2 VTVT E",2019,525000,100000,Petrol,Individual,Manual,"First Owner","20.14 kmpl","1197 CC","81.86 bhp","113.75nm@ 4000rpm",5
"Hyundai Xcent 1.2 VTVT E",2019,500000,60000,Petrol,Individual,Manual,"First Owner","20.14 kmpl","1197 CC","81.86 bhp","113.75nm@ 4000rpm",5
"Hyundai Xcent 1.2 VTVT S",2019,590000,90000,Petrol,Individual,Manual,"First Owner","20.14 kmpl","1197 CC","81.86 bhp","113.75nm@ 4000rpm",5
"Hyundai Xcent 1.2 VTVT S",2019,509999,40000,Petrol,Individual,Manual,"First Owner","20.14 kmpl","1197 CC","81.86 bhp","113.75nm@ 4000rpm",5
"Hyundai Xcent 1.2 VTVT S",2019,550000,3000,Petrol,Individual,Manual,"First Owner","20.14 kmpl","1197 CC","81.86 bhp","113.75nm@ 4000rpm",5
"Hyundai Xcent 1.2 VTVT SX",2019,570000,15000,Petrol,Individual,Manual,"First Owner","20.14 kmpl","1197 CC","81.86 bhp","113.75nm@ 4000rpm",5
"Isuzu D-Max V-Cross Z Prestige",2019,1900000,30000,Diesel,Individual,Automatic,"First Owner","12.4 kmpl","1999 CC","147.9 bhp","350nm@ 1800-2600rpm",5
"Isuzu MUX 2WD",2019,2700000,10000,Diesel,Individual,Automatic,"First Owner","13.8 kmpl","2999 CC","174.57 bhp","380NM@ 1800-2800rpm",7
"Isuzu MUX 2WD",2019,2700000,10000,Diesel,Individual,Automatic,"First Owner","13.8 kmpl","2999 CC","174.57 bhp","380NM@ 1800-2800rpm",7
"Jeep Compass 1.4 Limited",2019,1450000,22000,Petrol,Dealer,Automatic,"First Owner","16.0 kmpl","1368 CC","160 bhp","250Nm@ 1750-2500rpm",5
"Jeep Compass 1.4 Limited",2019,1450000,22000,Petrol,Dealer,Automatic,"First Owner","16.0 kmpl","1368 CC","160 bhp","250Nm@ 1750-2500rpm",5
"Jeep Compass 1.4 Limited Plus BSIV",2019,2100000,5000,Petrol,Individual,Automatic,"First Owner","16.0 kmpl","1368 CC","160.77 bhp","250Nm@ 1750-2500rpm",5
"Jeep Compass 1.4 Limited Plus BSIV",2019,2100000,5000,Petrol,Individual,Automatic,"First Owner","16.0 kmpl","1368 CC","160.77 bhp","250Nm@ 1750-2500rpm",5
"Jeep Compass 1.4 Sport",2019,1520000,10000,Petrol,Individual,Manual,"First Owner","16.0 kmpl","1368 CC","160 bhp","250Nm@ 1750-2500rpm",5
"Jeep Compass 2.0 Limited Plus 4X4",2019,2150000,25000,Diesel,Dealer,Manual,"First Owner","16.3 kmpl","1956 CC","170.63 bhp","350Nm@ 1750-2500rpm",5
"Jeep Compass 2.0 Longitude Option BSIV",2019,1850000,14000,Diesel,Individual,Manual,"First Owner","17.1 kmpl","1956 CC","170 bhp","350Nm@ 1750-2500rpm",5
"Kia Seltos HTE D",2019,643000,10000,Diesel,Individual,Manual,"First Owner","20.8 kmpl","1493 CC","113.4 bhp","250nm@ 1500-2750rpm",5
"Kia Seltos HTX Plus AT D",2019,1575000,20000,Diesel,Individual,Automatic,"First Owner","17.8 kmpl","1493 CC","113.4 bhp","250nm@ 1500-2750rpm",5
"Land Rover Discovery Sport TD4 SE",2019,4500000,21000,Diesel,Dealer,Automatic,"First Owner","12.83 kmpl","1999 CC","148.31 bhp","382nm@ 1750-2250rpm",7
"Land Rover Discovery Sport TD4 SE",2019,4500000,21000,Diesel,Dealer,Automatic,"First Owner","12.83 kmpl","1999 CC","148.31 bhp","382nm@ 1750-2250rpm",7
"Land Rover Discovery Sport TD4 SE",2019,4500000,21000,Diesel,Dealer,Automatic,"First Owner","12.83 kmpl","1999 CC","148.31 bhp","382nm@ 1750-2250rpm",7
"Land Rover Discovery Sport TD4 SE",2019,4500000,21000,Diesel,Dealer,Automatic,"First Owner","12.83 kmpl","1999 CC","148.31 bhp","382nm@ 1750-2250rpm",7
"Lexus ES 300h",2019,5150000,20000,Petrol,Dealer,Automatic,"First Owner","22.37 kmpl","2487 CC","214.56 bhp","202Nm@ 3600-5200rpm",5
"Lexus ES 300h",2019,5150000,20000,Petrol,Dealer,Automatic,"First Owner","22.37 kmpl","2487 CC","214.56 bhp","202Nm@ 3600-5200rpm",5
"Lexus ES 300h",2019,5150000,20000,Petrol,Dealer,Automatic,"First Owner","22.37 kmpl","2487 CC","214.56 bhp","202Nm@ 3600-5200rpm",5
"Lexus ES 300h",2019,5150000,20000,Petrol,Dealer,Automatic,"First Owner","22.37 kmpl","2487 CC","214.56 bhp","202Nm@ 3600-5200rpm",5
"Lexus ES 300h",2019,5150000,20000,Petrol,Dealer,Automatic,"First Owner","22.37 kmpl","2487 CC","214.56 bhp","202Nm@ 3600-5200rpm",5
"Lexus ES 300h",2019,5150000,20000,Petrol,Dealer,Automatic,"First Owner","22.37 kmpl","2487 CC","214.56 bhp","202Nm@ 3600-5200rpm",5
"Lexus ES 300h",2019,5150000,20000,Petrol,Dealer,Automatic,"First Owner","22.37 kmpl","2487 CC","214.56 bhp","202Nm@ 3600-5200rpm",5
"Lexus ES 300h",2019,5150000,20000,Petrol,Dealer,Automatic,"First Owner","22.37 kmpl","2487 CC","214.56 bhp","202Nm@ 3600-5200rpm",5
"Lexus ES 300h",2019,5150000,20000,Petrol,Dealer,Automatic,"First Owner","22.37 kmpl","2487 CC","214.56 bhp","202Nm@ 3600-5200rpm",5
"Lexus ES 300h",2019,5150000,20000,Petrol,Dealer,Automatic,"First Owner","22.37 kmpl","2487 CC","214.56 bhp","202Nm@ 3600-5200rpm",5
"Lexus ES 300h",2019,5150000,20000,Petrol,Dealer,Automatic,"First Owner","22.37 kmpl","2487 CC","214.56 bhp","202Nm@ 3600-5200rpm",5
"Lexus ES 300h",2019,5150000,20000,Petrol,Dealer,Automatic,"First Owner","22.37 kmpl","2487 CC","214.56 bhp","202Nm@ 3600-5200rpm",5
"Lexus ES 300h",2019,5150000,20000,Petrol,Dealer,Automatic,"First Owner","22.37 kmpl","2487 CC","214.56 bhp","202Nm@ 3600-5200rpm",5
"Lexus ES 300h",2019,5150000,20000,Petrol,Dealer,Automatic,"First Owner","22.37 kmpl","2487 CC","214.56 bhp","202Nm@ 3600-5200rpm",5
"Lexus ES 300h",2019,5150000,20000,Petrol,Dealer,Automatic,"First Owner","22.37 kmpl","2487 CC","214.56 bhp","202Nm@ 3600-5200rpm",5
"Lexus ES 300h",2019,5150000,20000,Petrol,Dealer,Automatic,"First Owner","22.37 kmpl","2487 CC","214.56 bhp","202Nm@ 3600-5200rpm",5
"Lexus ES 300h",2019,5150000,20000,Petrol,Dealer,Automatic,"First Owner","22.37 kmpl","2487 CC","214.56 bhp","202Nm@ 3600-5200rpm",5
"Lexus ES 300h",2019,5150000,20000,Petrol,Dealer,Automatic,"First Owner","22.37 kmpl","2487 CC","214.56 bhp","202Nm@ 3600-5200rpm",5
"Lexus ES 300h",2019,5150000,20000,Petrol,Dealer,Automatic,"First Owner","22.37 kmpl","2487 CC","214.56 bhp","202Nm@ 3600-5200rpm",5
"Lexus ES 300h",2019,5150000,20000,Petrol,Dealer,Automatic,"First Owner","22.37 kmpl","2487 CC","214.56 bhp","202Nm@ 3600-5200rpm",5
"Lexus ES 300h",2019,5150000,20000,Petrol,Dealer,Automatic,"First Owner","22.37 kmpl","2487 CC","214.56 bhp","202Nm@ 3600-5200rpm",5
"Lexus ES 300h",2019,5150000,20000,Petrol,Dealer,Automatic,"First Owner","22.37 kmpl","2487 CC","214.56 bhp","202Nm@ 3600-5200rpm",5
"Lexus ES 300h",2019,5150000,20000,Petrol,Dealer,Automatic,"First Owner","22.37 kmpl","2487 CC","214.56 bhp","202Nm@ 3600-5200rpm",5
"Lexus ES 300h",2019,5150000,20000,Petrol,Dealer,Automatic,"First Owner","22.37 kmpl","2487 CC","214.56 bhp","202Nm@ 3600-5200rpm",5
"Lexus ES 300h",2019,5150000,20000,Petrol,Dealer,Automatic,"First Owner","22.37 kmpl","2487 CC","214.56 bhp","202Nm@ 3600-5200rpm",5
"Lexus ES 300h",2019,5150000,20000,Petrol,Dealer,Automatic,"First Owner","22.37 kmpl","2487 CC","214.56 bhp","202Nm@ 3600-5200rpm",5
"Lexus ES 300h",2019,5150000,20000,Petrol,Dealer,Automatic,"First Owner","22.37 kmpl","2487 CC","214.56 bhp","202Nm@ 3600-5200rpm",5
"Lexus ES 300h",2019,5150000,20000,Petrol,Dealer,Automatic,"First Owner","22.37 kmpl","2487 CC","214.56 bhp","202Nm@ 3600-5200rpm",5
"Lexus ES 300h",2019,5150000,20000,Petrol,Dealer,Automatic,"First Owner","22.37 kmpl","2487 CC","214.56 bhp","202Nm@ 3600-5200rpm",5
"Lexus ES 300h",2019,5150000,20000,Petrol,Dealer,Automatic,"First Owner","22.37 kmpl","2487 CC","214.56 bhp","202Nm@ 3600-5200rpm",5
"Lexus ES 300h",2019,5150000,20000,Petrol,Dealer,Automatic,"First Owner","22.37 kmpl","2487 CC","214.56 bhp","202Nm@ 3600-5200rpm",5
"Lexus ES 300h",2019,5150000,20000,Petrol,Dealer,Automatic,"First Owner","22.37 kmpl","2487 CC","214.56 bhp","202Nm@ 3600-5200rpm",5
"Lexus ES 300h",2019,5150000,20000,Petrol,Dealer,Automatic,"First Owner","22.37 kmpl","2487 CC","214.56 bhp","202Nm@ 3600-5200rpm",5
"Lexus ES 300h",2019,5150000,20000,Petrol,Dealer,Automatic,"First Owner","22.37 kmpl","2487 CC","214.56 bhp","202Nm@ 3600-5200rpm",5
"Mahindra Bolero 2011-2019 SLE",2019,710000,30000,Diesel,Individual,Manual,"First Owner","15.96 kmpl","2523 CC","62.1 bhp","195Nm@ 1400-2200rpm",7
"Mahindra Bolero 2011-2019 SLE",2019,710000,30000,Diesel,Individual,Manual,"First Owner","15.96 kmpl","2523 CC","62.1 bhp","195Nm@ 1400-2200rpm",7
"Mahindra Bolero 2011-2019 SLE",2019,670000,53534,Diesel,Individual,Manual,"First Owner","15.96 kmpl","2523 CC","62.1 bhp","195Nm@ 1400-2200rpm",7
"Mahindra Bolero 2011-2019 SLX",2019,750000,59872,Diesel,Individual,Manual,"First Owner","15.96 kmpl","2523 CC","62.1 bhp","195Nm@ 1400-2200rpm",7
"Mahindra Bolero Pik-Up CBC 1.7T",2019,722000,80000,Diesel,Individual,Manual,"First Owner","0.0 kmpl","2523 CC","70 bhp","200Nm@ 1400-2200rpm",2
"Mahindra Bolero Power Plus Plus AC BSIV PS",2019,800000,2000,Diesel,Individual,Manual,"First Owner","15.96 kmpl","2523 CC","63 bhp","180Nm@ 1440-1500rpm",9
"Mahindra Bolero Power Plus SLE",2019,740000,35000,Diesel,Individual,Manual,"First Owner","16.5 kmpl","1493 CC","70 bhp","195Nm@ 1400-2200rpm",7
"Mahindra Bolero Power Plus ZLX",2019,740000,14000,Diesel,Individual,Manual,"First Owner","16.5 kmpl","1493 CC","70 bhp","195Nm@ 1400-2200rpm",7
"Mahindra KUV 100 G80 K2",2019,400000,25000,Petrol,Individual,Manual,"First Owner","18.15 kmpl","1198 CC","82 bhp","115Nm@ 3500-3600rpm",6
"Mahindra Marazzo M2 8Str BSIV",2019,977000,30000,Diesel,Individual,Manual,"First Owner","17.3 kmpl","1497 CC","121 bhp","300Nm@ 1750-2500rpm",8
"Mahindra Marazzo M2 8Str BSIV",2019,1000000,17000,Diesel,Dealer,Manual,"First Owner","17.3 kmpl","1497 CC","121 bhp","300Nm@ 1750-2500rpm",8
"Mahindra Marazzo M2 BSIV",2019,1075000,23000,Diesel,Dealer,Manual,"First Owner","17.3 kmpl","1497 CC","121 bhp","300Nm@ 1750-2500rpm",7
"Mahindra Marazzo M2 BSIV",2019,925000,40000,Diesel,Individual,Manual,"First Owner","17.3 kmpl","1497 CC","121 bhp","300Nm@ 1750-2500rpm",7
"Mahindra Marazzo M2 BSIV",2019,1075000,8600,Diesel,Dealer,Manual,"First Owner","17.3 kmpl","1497 CC","121 bhp","300Nm@ 1750-2500rpm",7
"Mahindra Marazzo M6 8Str",2019,1300000,40000,Diesel,Individual,Manual,"First Owner","17.3 kmpl","1497 CC","121 bhp","300Nm@ 1750-2500rpm",8
"Mahindra Marazzo M8",2019,1460000,5000,Diesel,Individual,Manual,"First Owner","17.3 kmpl","1497 CC","121 bhp","300Nm@ 1750-2500rpm",7
"Mahindra Marazzo M8",2019,1460000,5000,Diesel,Individual,Manual,"First Owner","17.3 kmpl","1497 CC","121 bhp","300Nm@ 1750-2500rpm",7
"Mahindra Marazzo M8",2019,1460000,5000,Diesel,Individual,Manual,"First Owner","17.3 kmpl","1497 CC","121 bhp","300Nm@ 1750-2500rpm",7
"Mahindra Marazzo M8",2019,1450000,10000,Diesel,Individual,Manual,"First Owner","17.3 kmpl","1497 CC","121 bhp","300Nm@ 1750-2500rpm",7
"Mahindra Marazzo M8",2019,1450000,10000,Diesel,Individual,Manual,"First Owner","17.3 kmpl","1497 CC","121 bhp","300Nm@ 1750-2500rpm",7
"Mahindra Scorpio S5 BSIV",2019,1000000,60000,Diesel,Individual,Manual,"First Owner","16.36 kmpl","2179 CC","120 bhp","280Nm@ 1800-2800rpm",7
"Mahindra Scorpio S7 120",2019,1300000,20000,Diesel,Individual,Manual,"First Owner","16.36 kmpl","2179 CC","120 bhp","280Nm@ 1800-2800rpm",7
"Mahindra Thar CRDe",2019,975000,12584,Diesel,Dealer,Manual,"First Owner","16.55 kmpl","2498 CC","105 bhp","247Nm@ 1800-2000rpm",6
"Mahindra Thar CRDe",2019,950000,15000,Diesel,Individual,Manual,"First Owner","16.55 kmpl","2498 CC","105 bhp","247Nm@ 1800-2000rpm",6
"Mahindra Thar CRDe ABS",2019,974000,15000,Diesel,Individual,Manual,"First Owner","16.55 kmpl","2498 CC","105 bhp","247Nm@ 1800-2000rpm",6
"Mahindra Thar DI 4X4",2019,890000,13000,Diesel,Dealer,Manual,"First Owner","18.06 kmpl","2523 CC","63 bhp","182.5Nm@ 1500-1800rpm",7
"Mahindra TUV 300 T6 Plus",2019,875000,25000,Diesel,Individual,Manual,"First Owner","18.49 kmpl","1493 CC","100 bhp","240Nm@ 1600-2800rpm",7
"Mahindra XUV300 W6 Diesel BSIV",2019,950000,17000,Diesel,Individual,Manual,"First Owner","20.0 kmpl","1497 CC","115 bhp","300Nm@ 1500-2500rpm",5
"Mahindra XUV300 W8",2019,960000,20000,Petrol,Individual,Manual,"First Owner","17.0 kmpl","1197 CC","108.6 bhp","200Nm@ 2000-3500rpm",5
"Mahindra XUV300 W8 Option BSIV",2019,1090000,16500,Petrol,Dealer,Manual,"First Owner","17.0 kmpl","1197 CC","110 bhp","200Nm@ 2000-3500rpm",5
"Mahindra XUV300 W8 Option BSIV",2019,1000000,22000,Petrol,Individual,Manual,"First Owner","17.0 kmpl","1197 CC","110 bhp","200Nm@ 2000-3500rpm",5
"Mahindra XUV300 W8 Option BSIV",2019,1090000,16500,Petrol,Dealer,Manual,"First Owner","17.0 kmpl","1197 CC","110 bhp","200Nm@ 2000-3500rpm",5
"Mahindra XUV300 W8 Option BSIV",2019,1132000,20000,Petrol,Individual,Manual,"First Owner","17.0 kmpl","1197 CC","110 bhp","200Nm@ 2000-3500rpm",5
"Mahindra XUV300 W8 Option Diesel BSIV",2019,1200000,25000,Diesel,Individual,Manual,"First Owner","20.0 kmpl","1497 CC","115 bhp","300Nm@ 1500-2500rpm",5
"Mahindra XUV300 W8 Option Diesel BSIV",2019,1200000,15000,Diesel,Individual,Manual,"First Owner","20.0 kmpl","1497 CC","115 bhp","300Nm@ 1500-2500rpm",5
"Mahindra XUV300 W8 Option Diesel BSIV",2019,1200000,15000,Diesel,Individual,Manual,"First Owner","20.0 kmpl","1497 CC","115 bhp","300Nm@ 1500-2500rpm",5
"Mahindra XUV300 W8 Option Dual Tone Diesel BSIV",2019,1225000,6544,Diesel,Individual,Manual,"First Owner","20.0 kmpl","1497 CC","115 bhp","300Nm@ 1500-2500rpm",5
"Mahindra XUV500 W10 AWD",2019,1800000,10000,Diesel,Individual,Manual,"First Owner","16.0 kmpl","2179 CC","140 bhp","330Nm@ 1600-2800rpm",7
"Mahindra XUV500 W11 AT BSIV",2019,1650000,25000,Diesel,Individual,Automatic,"Second Owner","15.1 kmpl","2179 CC","152.87 bhp","360Nm@ 1750-2800rpm",7
"Mahindra XUV500 W11 BSIV",2019,1550000,28000,Diesel,Individual,Manual,"First Owner","15.1 kmpl","2179 CC","152.87 bhp","360Nm@ 1750-2800rpm",7
"Mahindra XUV500 W11 Option AWD",2019,1700000,32000,Diesel,Individual,Manual,"First Owner","15.1 kmpl","2179 CC","155 bhp","360Nm@ 1750-2800rpm",7
"Mahindra XUV500 W9 BSIV",2019,1575000,18000,Diesel,Individual,Manual,"First Owner","15.1 kmpl","2179 CC","152.87 bhp","360Nm@ 1750-2800rpm",7
"Maruti Alto 800 CNG LXI Optional",2019,330000,10000,CNG,Individual,Manual,"Second Owner","33.44 km/kg","796 CC","40.3 bhp","60Nm@ 3500rpm",4
"Maruti Alto 800 CNG LXI Optional",2019,330000,10000,CNG,Individual,Manual,"Second Owner","33.44 km/kg","796 CC","40.3 bhp","60Nm@ 3500rpm",4
"Maruti Alto K10 LXI CNG",2019,430000,20000,CNG,Individual,Manual,"First Owner","32.26 km/kg","998 CC","58.3 bhp","78Nm@ 3500rpm",4
"Maruti Alto K10 VXI",2019,360000,25000,Petrol,Individual,Manual,"First Owner","23.95 kmpl","998 CC","67.05 bhp","90Nm@ 3500rpm",5
"Maruti Alto K10 VXI",2019,360000,27000,Petrol,Individual,Manual,"First Owner","23.95 kmpl","998 CC","67.05 bhp","90Nm@ 3500rpm",5
"Maruti Alto K10 VXI",2019,350000,15000,Petrol,Individual,Manual,"First Owner","23.95 kmpl","998 CC","67.05 bhp","90Nm@ 3500rpm",5
"Maruti Alto K10 VXI AGS",2019,380000,14000,Petrol,Individual,Automatic,"First Owner","23.95 kmpl","998 CC","67.05 bhp","90Nm@ 3500rpm",5
"Maruti Alto K10 VXI Airbag",2019,366000,15000,Petrol,Individual,Manual,"First Owner","23.95 kmpl","998 CC","67.1 bhp","90Nm@ 3500rpm",5
"Maruti Alto K10 VXI Airbag",2019,366000,15000,Petrol,Individual,Manual,"First Owner","23.95 kmpl","998 CC","67.1 bhp","90Nm@ 3500rpm",5
"Maruti Alto K10 VXI Optional",2019,399000,10000,Petrol,Individual,Manual,"First Owner","23.95 kmpl","998 CC","67.05 bhp","90Nm@ 3500rpm",5
"Maruti Baleno Alpha",2019,760000,3000,Petrol,Individual,Manual,"First Owner","21.01 kmpl","1197 CC","81.80 bhp","113Nm@ 4200rpm",5
"Maruti Baleno Alpha 1.2",2019,711000,5000,Petrol,Individual,Manual,"First Owner","21.4 kmpl","1197 CC","83.1 bhp","115Nm@ 4000rpm",5
"Maruti Baleno Delta 1.2",2019,650000,30000,Petrol,Individual,Manual,"First Owner","21.4 kmpl","1197 CC","83.1 bhp","115Nm@ 4000rpm",5
"Maruti Baleno Delta 1.2",2019,579000,10000,Petrol,Individual,Manual,"First Owner","21.4 kmpl","1197 CC","83.1 bhp","115Nm@ 4000rpm",5
"Maruti Baleno Delta Automatic",2019,685000,19000,Petrol,Individual,Automatic,"First Owner","21.4 kmpl","1197 CC","83.1 bhp","115Nm@ 4000rpm",5
"Maruti Baleno Delta Automatic",2019,600000,20000,Petrol,Individual,Automatic,"First Owner","21.4 kmpl","1197 CC","83.1 bhp","115Nm@ 4000rpm",5
"Maruti Baleno RS 1.0 Petrol",2019,780000,7200,Petrol,Individual,Manual,"First Owner","21.1 kmpl","998 CC","100.5 bhp","150Nm@ 1700-4500rpm",5
"Maruti Baleno Sigma",2019,556000,10000,Petrol,Individual,Manual,"First Owner","21.01 kmpl","1197 CC","81.80 bhp","113Nm@ 4200rpm",5
"Maruti Baleno Sigma 1.2",2019,500000,10000,Petrol,Individual,Manual,"First Owner","21.4 kmpl","1197 CC","83.1 bhp","115Nm@ 4000rpm",5
"Maruti Baleno Zeta",2019,675000,16500,Petrol,Individual,Manual,"First Owner","21.01 kmpl","1197 CC","81.80 bhp","113Nm@ 4200rpm",5
"Maruti Baleno Zeta Automatic",2019,675000,5000,Petrol,Individual,Automatic,"First Owner","21.4 kmpl","1197 CC","83.1 bhp","115Nm@ 4000rpm",5
"Maruti Baleno Zeta Automatic",2019,660000,10000,Petrol,Individual,Automatic,"First Owner","21.4 kmpl","1197 CC","83.1 bhp","115Nm@ 4000rpm",5
"Maruti Celerio VXI",2019,484999,4875,Petrol,Dealer,Manual,"First Owner","21.63 kmpl","998 CC","67.04 bhp","90Nm@ 3500rpm",5
"Maruti Celerio VXi AMT",2019,470000,9000,Petrol,Dealer,Automatic,"First Owner","21.63 kmpl","998 CC","67.04 bhp","90Nm@ 3500rpm",5
"Maruti Celerio X ZXI BSIV",2019,500000,11000,Petrol,Individual,Manual,"First Owner","21.63 kmpl","998 CC","67 bhp","90Nm@ 3500rpm",5
"Maruti Celerio X ZXI BSIV",2019,480000,7600,Petrol,Individual,Manual,"First Owner","21.63 kmpl","998 CC","67 bhp","90Nm@ 3500rpm",5
"Maruti Celerio X ZXI BSIV",2019,490000,7000,Petrol,Individual,Manual,"First Owner","21.63 kmpl","998 CC","67 bhp","90Nm@ 3500rpm",5
"Maruti Ciaz Alpha Diesel",2019,1025000,32000,Diesel,Individual,Manual,"First Owner","28.09 kmpl","1248 CC","88.50 bhp","200Nm@ 1750rpm",5
"Maruti Ciaz Alpha Diesel",2019,1025000,32000,Diesel,Individual,Manual,"First Owner","28.09 kmpl","1248 CC","88.50 bhp","200Nm@ 1750rpm",5
"Maruti Ciaz Delta Automatic BSIV",2019,1025000,15000,Petrol,Dealer,Automatic,"First Owner","20.28 kmpl","1462 CC","103.25 bhp","138Nm@ 4400rpm",5
"Maruti Eeco 5 Seater AC BSIV",2019,409999,10000,Petrol,Individual,Manual,"First Owner","15.37 kmpl","1196 CC","73 bhp","101Nm@ 3000rpm",5
"Maruti Eeco 5 Seater AC BSIV",2019,420000,10000,Petrol,Individual,Manual,"First Owner","15.37 kmpl","1196 CC","73 bhp","101Nm@ 3000rpm",5
"Maruti Eeco 5 Seater AC BSIV",2019,400000,15000,Petrol,Individual,Manual,"First Owner","15.37 kmpl","1196 CC","73 bhp","101Nm@ 3000rpm",5
"Maruti Eeco 7 Seater Standard BSIV",2019,395000,5000,Petrol,Individual,Manual,"First Owner","15.37 kmpl","1196 CC","73 bhp","101Nm@ 3000rpm",7
"Maruti Eeco 7 Seater Standard BSIV",2019,359000,5500,Petrol,Individual,Manual,"First Owner","15.37 kmpl","1196 CC","73 bhp","101Nm@ 3000rpm",7
"Maruti Eeco CNG 5 Seater AC BSIV",2019,450000,10000,CNG,Individual,Manual,"First Owner","21.94 km/kg","1196 CC","61.7 bhp","85Nm@ 3000rpm",5
"Maruti Eeco CNG 5 Seater AC BSIV",2019,450000,60000,CNG,Individual,Manual,"First Owner","21.94 km/kg","1196 CC","61.7 bhp","85Nm@ 3000rpm",5
"Maruti Eeco CNG 5 Seater AC BSIV",2019,362000,120000,CNG,Individual,Manual,"Second Owner","21.94 km/kg","1196 CC","61.7 bhp","85Nm@ 3000rpm",5
"Maruti Ertiga SHVS VDI",2019,925000,50000,Diesel,Dealer,Manual,"First Owner","24.52 kmpl","1248 CC","88.5 bhp","200Nm@ 1750rpm",7
"Maruti Ertiga ZDI Plus",2019,1050000,20000,Diesel,Individual,Manual,"First Owner","25.47 kmpl","1248 CC","88.50 bhp","200Nm@ 1750rpm",7
"Maruti Ertiga ZDI Plus",2019,1200000,14000,Diesel,Individual,Manual,"First Owner","25.47 kmpl","1248 CC","88.50 bhp","200Nm@ 1750rpm",7
"Maruti Gypsy King Soft Top MPI BSIV",2019,750000,9900,Petrol,Individual,Manual,"First Owner","11.96 kmpl","1298 CC","80 bhp","103Nm@ 4500rpm",8
"Maruti Ignis 1.2 AMT Delta BSIV",2019,525000,20000,Petrol,Individual,Automatic,"First Owner","20.89 kmpl","1197 CC","81.80 bhp","113Nm@ 4200rpm",5
"Maruti Ignis 1.2 AMT Delta BSIV",2019,525000,20000,Petrol,Individual,Automatic,"First Owner","20.89 kmpl","1197 CC","81.80 bhp","113Nm@ 4200rpm",5
"Maruti Ignis 1.2 AMT Zeta BSIV",2019,570000,19000,Petrol,Individual,Automatic,"Second Owner","20.89 kmpl","1197 CC","81.80 bhp","113Nm@ 4200rpm",5
"Maruti Ignis 1.2 AMT Zeta BSIV",2019,570000,19000,Petrol,Individual,Automatic,"Second Owner","20.89 kmpl","1197 CC","81.80 bhp","113Nm@ 4200rpm",5
"Maruti Ignis 1.2 Delta BSIV",2019,500000,15000,Petrol,Individual,Manual,"First Owner","20.89 kmpl","1197 CC","81.80 bhp","113Nm@ 4200rpm",5
"Maruti Ignis 1.2 Delta BSIV",2019,500000,10000,Petrol,Individual,Manual,"First Owner","20.89 kmpl","1197 CC","81.80 bhp","113Nm@ 4200rpm",5
"Maruti Ignis 1.2 Delta BSIV",2019,500000,10000,Petrol,Individual,Manual,"First Owner","20.89 kmpl","1197 CC","81.80 bhp","113Nm@ 4200rpm",5
"Maruti Ignis 1.2 Zeta BSIV",2019,577000,3000,Petrol,Individual,Manual,"First Owner","20.89 kmpl","1197 CC","81.80 bhp","113Nm@ 4200rpm",5
"Maruti S-Cross 2017-2020 Delta DDiS 200 SH",2019,900000,60000,Diesel,Individual,Manual,"First Owner","25.1 kmpl","1248 CC","88.5 bhp","200Nm@ 1750rpm",5
"Maruti S-Cross 2017-2020 Zeta DDiS 200 SH",2019,930000,15000,Diesel,Individual,Manual,"First Owner","25.1 kmpl","1248 CC","88.5 bhp","200Nm@ 1750rpm",5
"Maruti S-Presso VXI AT",2019,475000,5000,Petrol,Individual,Automatic,"First Owner","21.7 kmpl","998 CC","67 bhp","90nm@ 3500rpm",5
"Maruti S-Presso VXI AT",2019,475000,5000,Petrol,Individual,Automatic,"First Owner","21.7 kmpl","998 CC","67 bhp","90nm@ 3500rpm",5
"Maruti Swift AMT VVT VXI",2019,650000,5621,Petrol,"Trustmark Dealer",Automatic,"First Owner","22.0 kmpl","1197 CC","81.80 bhp","113Nm@ 4200rpm",5
"Maruti Swift AMT VVT VXI",2019,650000,5621,Petrol,"Trustmark Dealer",Automatic,"First Owner","22.0 kmpl","1197 CC","81.80 bhp","113Nm@ 4200rpm",5
"Maruti Swift AMT VVT VXI",2019,650000,5621,Petrol,"Trustmark Dealer",Automatic,"First Owner","22.0 kmpl","1197 CC","81.80 bhp","113Nm@ 4200rpm",5
"Maruti Swift AMT VVT VXI",2019,650000,5621,Petrol,"Trustmark Dealer",Automatic,"First Owner","22.0 kmpl","1197 CC","81.80 bhp","113Nm@ 4200rpm",5
"Maruti Swift AMT VVT VXI",2019,650000,5621,Petrol,"Trustmark Dealer",Automatic,"First Owner","22.0 kmpl","1197 CC","81.80 bhp","113Nm@ 4200rpm",5
"Maruti Swift AMT VVT VXI",2019,650000,5621,Petrol,"Trustmark Dealer",Automatic,"First Owner","22.0 kmpl","1197 CC","81.80 bhp","113Nm@ 4200rpm",5
"Maruti Swift AMT VVT VXI",2019,650000,5621,Petrol,"Trustmark Dealer",Automatic,"First Owner","22.0 kmpl","1197 CC","81.80 bhp","113Nm@ 4200rpm",5
"Maruti Swift AMT VVT VXI",2019,650000,5621,Petrol,"Trustmark Dealer",Automatic,"First Owner","22.0 kmpl","1197 CC","81.80 bhp","113Nm@ 4200rpm",5
"Maruti Swift AMT VVT VXI",2019,650000,5621,Petrol,"Trustmark Dealer",Automatic,"First Owner","22.0 kmpl","1197 CC","81.80 bhp","113Nm@ 4200rpm",5
"Maruti Swift AMT VVT VXI",2019,650000,5621,Petrol,"Trustmark Dealer",Automatic,"First Owner","22.0 kmpl","1197 CC","81.80 bhp","113Nm@ 4200rpm",5
"Maruti Swift AMT VVT VXI",2019,650000,5621,Petrol,"Trustmark Dealer",Automatic,"First Owner","22.0 kmpl","1197 CC","81.80 bhp","113Nm@ 4200rpm",5
"Maruti Swift AMT VVT VXI",2019,650000,5621,Petrol,"Trustmark Dealer",Automatic,"First Owner","22.0 kmpl","1197 CC","81.80 bhp","113Nm@ 4200rpm",5
"Maruti Swift AMT VVT VXI",2019,650000,5621,Petrol,"Trustmark Dealer",Automatic,"First Owner","22.0 kmpl","1197 CC","81.80 bhp","113Nm@ 4200rpm",5
"Maruti Swift AMT VVT VXI",2019,650000,5621,Petrol,"Trustmark Dealer",Automatic,"First Owner","22.0 kmpl","1197 CC","81.80 bhp","113Nm@ 4200rpm",5
"Maruti Swift AMT VVT VXI",2019,650000,5621,Petrol,"Trustmark Dealer",Automatic,"First Owner","22.0 kmpl","1197 CC","81.80 bhp","113Nm@ 4200rpm",5
"Maruti Swift AMT VVT VXI",2019,650000,5621,Petrol,"Trustmark Dealer",Automatic,"First Owner","22.0 kmpl","1197 CC","81.80 bhp","113Nm@ 4200rpm",5
"Maruti Swift AMT VVT VXI",2019,650000,5621,Petrol,"Trustmark Dealer",Automatic,"First Owner","22.0 kmpl","1197 CC","81.80 bhp","113Nm@ 4200rpm",5
"Maruti Swift AMT VVT VXI",2019,650000,5621,Petrol,"Trustmark Dealer",Automatic,"First Owner","22.0 kmpl","1197 CC","81.80 bhp","113Nm@ 4200rpm",5
"Maruti Swift AMT VVT VXI",2019,650000,5621,Petrol,"Trustmark Dealer",Automatic,"First Owner","22.0 kmpl","1197 CC","81.80 bhp","113Nm@ 4200rpm",5
"Maruti Swift AMT VVT VXI",2019,650000,5621,Petrol,"Trustmark Dealer",Automatic,"First Owner","22.0 kmpl","1197 CC","81.80 bhp","113Nm@ 4200rpm",5
"Maruti Swift AMT VVT VXI",2019,650000,5621,Petrol,"Trustmark Dealer",Automatic,"First Owner","22.0 kmpl","1197 CC","81.80 bhp","113Nm@ 4200rpm",5
"Maruti Swift AMT VVT VXI",2019,650000,5621,Petrol,"Trustmark Dealer",Automatic,"First Owner","22.0 kmpl","1197 CC","81.80 bhp","113Nm@ 4200rpm",5
"Maruti Swift AMT VVT VXI",2019,650000,5621,Petrol,"Trustmark Dealer",Automatic,"First Owner","22.0 kmpl","1197 CC","81.80 bhp","113Nm@ 4200rpm",5
"Maruti Swift AMT VVT VXI",2019,650000,5621,Petrol,"Trustmark Dealer",Automatic,"First Owner","22.0 kmpl","1197 CC","81.80 bhp","113Nm@ 4200rpm",5
"Maruti Swift AMT VVT VXI",2019,650000,5621,Petrol,"Trustmark Dealer",Automatic,"First Owner","22.0 kmpl","1197 CC","81.80 bhp","113Nm@ 4200rpm",5
"Maruti Swift AMT VVT VXI",2019,650000,5621,Petrol,"Trustmark Dealer",Automatic,"First Owner","22.0 kmpl","1197 CC","81.80 bhp","113Nm@ 4200rpm",5
"Maruti Swift AMT VVT VXI",2019,650000,5621,Petrol,"Trustmark Dealer",Automatic,"First Owner","22.0 kmpl","1197 CC","81.80 bhp","113Nm@ 4200rpm",5
"Maruti Swift AMT VVT VXI",2019,650000,5621,Petrol,"Trustmark Dealer",Automatic,"First Owner","22.0 kmpl","1197 CC","81.80 bhp","113Nm@ 4200rpm",5
"Maruti Swift AMT VVT VXI",2019,650000,5621,Petrol,"Trustmark Dealer",Automatic,"First Owner","22.0 kmpl","1197 CC","81.80 bhp","113Nm@ 4200rpm",5
"Maruti Swift AMT VXI",2019,610000,10000,Petrol,Individual,Automatic,"First Owner","21.21 kmpl","1197 CC","81.80 bhp","113Nm@ 4200rpm",5
"Maruti Swift AMT VXI",2019,600000,7500,Petrol,Individual,Automatic,"First Owner","21.21 kmpl","1197 CC","81.80 bhp","113Nm@ 4200rpm",5
"Maruti Swift AMT ZDI",2019,740000,38000,Diesel,Individual,Automatic,"First Owner","28.4 kmpl","1248 CC","74 bhp","190Nm@ 2000rpm",5
"Maruti Swift AMT ZXI",2019,650000,33000,Petrol,Individual,Automatic,"First Owner","21.21 kmpl","1197 CC","81.80 bhp","113Nm@ 4200rpm",5
"Maruti Swift AMT ZXI Plus BSIV",2019,700000,20000,Petrol,Individual,Automatic,"First Owner","22.0 kmpl","1197 CC","81.80 bhp","113Nm@ 4200rpm",5
"Maruti Swift AMT ZXI Plus BSIV",2019,650000,15000,Petrol,Individual,Automatic,"First Owner","22.0 kmpl","1197 CC","81.80 bhp","113Nm@ 4200rpm",5
"Maruti Swift Dzire AMT VDI",2019,825000,7673,Diesel,Individual,Automatic,"First Owner","28.4 kmpl","1248 CC","74.02 bhp","190Nm@ 2000rpm",5
"Maruti Swift Dzire AMT VXI",2019,600000,10000,Petrol,Individual,Automatic,"First Owner","21.21 kmpl","1197 CC","81.80 bhp","113Nm@ 4200rpm",5
"Maruti Swift Dzire AMT VXI",2019,650000,10000,Petrol,Individual,Automatic,"First Owner","21.21 kmpl","1197 CC","81.80 bhp","113Nm@ 4200rpm",5
"Maruti Swift Dzire AMT VXI",2019,600000,10000,Petrol,Individual,Automatic,"First Owner","21.21 kmpl","1197 CC","81.80 bhp","113Nm@ 4200rpm",5
"Maruti Swift Dzire AMT VXI BS IV",2019,700000,45000,Petrol,Individual,Automatic,"First Owner","22.0 kmpl","1197 CC","81.80 bhp","113Nm@ 4200rpm",5
"Maruti Swift Dzire AMT ZXI Plus",2019,750000,6500,Petrol,Individual,Automatic,"First Owner","21.21 kmpl","1197 CC","81.80 bhp","113Nm@ 4200rpm",5
"Maruti Swift Dzire AMT ZXI Plus",2019,750000,6500,Petrol,Individual,Automatic,"First Owner","21.21 kmpl","1197 CC","81.80 bhp","113Nm@ 4200rpm",5
"Maruti Swift Dzire LDI",2019,558000,70000,Diesel,Individual,Manual,"First Owner","28.4 kmpl","1248 CC","74.02 bhp","190Nm@ 2000rpm",5
"Maruti Swift Dzire VDI",2019,700000,30000,Diesel,Individual,Manual,"First Owner","28.4 kmpl","1248 CC","74.02 bhp","190Nm@ 2000rpm",5
"Maruti Swift Dzire VDI",2019,757000,25000,Diesel,Individual,Manual,"First Owner","28.4 kmpl","1248 CC","74.02 bhp","190Nm@ 2000rpm",5
"Maruti Swift Dzire VDI",2019,750000,24000,Diesel,Individual,Manual,"First Owner","28.4 kmpl","1248 CC","74.02 bhp","190Nm@ 2000rpm",5
"Maruti Swift Dzire VDI",2019,694000,35000,Diesel,Individual,Manual,"First Owner","28.4 kmpl","1248 CC","74.02 bhp","190Nm@ 2000rpm",5
"Maruti Swift Dzire VDI",2019,700000,30000,Diesel,Individual,Manual,"First Owner","28.4 kmpl","1248 CC","74.02 bhp","190Nm@ 2000rpm",5
"Maruti Swift Dzire VDI",2019,675000,25000,Diesel,Individual,Manual,"First Owner","28.4 kmpl","1248 CC","74.02 bhp","190Nm@ 2000rpm",5
"Maruti Swift Dzire VDI",2019,754000,10000,Diesel,Individual,Manual,"First Owner","28.4 kmpl","1248 CC","74.02 bhp","190Nm@ 2000rpm",5
"Maruti Swift Dzire VDI",2019,770000,27000,Diesel,Individual,Manual,"First Owner","28.4 kmpl","1248 CC","74.02 bhp","190Nm@ 2000rpm",5
"Maruti Swift Dzire VDI",2019,800000,35700,Diesel,Dealer,Manual,"First Owner","28.4 kmpl","1248 CC","74.02 bhp","190Nm@ 2000rpm",5
"Maruti Swift Dzire VXI 1.2",2019,675000,10000,Petrol,Individual,Manual,"First Owner","21.21 kmpl","1197 CC","81.80 bhp","113Nm@ 4200rpm",5
"Maruti Swift Dzire VXI 1.2",2019,655000,25000,Petrol,Individual,Manual,"First Owner","21.21 kmpl","1197 CC","81.80 bhp","113Nm@ 4200rpm",5
"Maruti Swift Dzire VXI 1.2",2019,675000,5000,Petrol,Individual,Manual,"First Owner","21.21 kmpl","1197 CC","81.80 bhp","113Nm@ 4200rpm",5
"Maruti Swift Dzire VXI 1.2",2019,675000,5000,Petrol,Individual,Manual,"First Owner","21.21 kmpl","1197 CC","81.80 bhp","113Nm@ 4200rpm",5
"Maruti Swift Dzire VXI 1.2",2019,675000,10000,Petrol,Individual,Manual,"First Owner","21.21 kmpl","1197 CC","81.80 bhp","113Nm@ 4200rpm",5
"Maruti Swift Dzire ZDI",2019,802999,24000,Diesel,Individual,Manual,"First Owner","28.4 kmpl","1248 CC","74.02 bhp","190Nm@ 2000rpm",5
"Maruti Swift Dzire ZDI Plus",2019,900000,20000,Diesel,Individual,Manual,"First Owner","28.4 kmpl","1248 CC","74.02 bhp","190Nm@ 2000rpm",5
"Maruti Swift LXI",2019,500000,15000,Petrol,Individual,Manual,"First Owner","21.21 kmpl","1197 CC","81.80 bhp","113Nm@ 4200rpm",5
"Maruti Swift LXI",2019,509999,10000,Petrol,Individual,Manual,"First Owner","21.21 kmpl","1197 CC","81.80 bhp","113Nm@ 4200rpm",5
"Maruti Swift LXI",2019,500000,15000,Petrol,Individual,Manual,"First Owner","21.21 kmpl","1197 CC","81.80 bhp","113Nm@ 4200rpm",5
"Maruti Swift VDI",2019,630000,15000,Diesel,Individual,Manual,"Second Owner","28.4 kmpl","1248 CC","74 bhp","190Nm@ 2000rpm",5
"Maruti Swift VDI",2019,690000,20000,Diesel,Individual,Manual,"First Owner","28.4 kmpl","1248 CC","74 bhp","190Nm@ 2000rpm",5
"Maruti Swift VXI",2019,615000,10000,Petrol,Individual,Manual,"First Owner","21.21 kmpl","1197 CC","81.80 bhp","113Nm@ 4200rpm",5
"Maruti Swift VXI",2019,585000,10000,Petrol,Individual,Manual,"First Owner","21.21 kmpl","1197 CC","81.80 bhp","113Nm@ 4200rpm",5
"Maruti Swift VXI",2019,610000,5000,Petrol,Individual,Manual,"First Owner","21.21 kmpl","1197 CC","81.80 bhp","113Nm@ 4200rpm",5
"Maruti Swift VXI",2019,630000,4000,Petrol,Individual,Manual,"First Owner","21.21 kmpl","1197 CC","81.80 bhp","113Nm@ 4200rpm",5
"Maruti Swift VXI",2019,600000,18000,Petrol,Individual,Manual,"First Owner","21.21 kmpl","1197 CC","81.80 bhp","113Nm@ 4200rpm",5
"Maruti Swift VXI",2019,550000,11500,Petrol,Individual,Manual,"First Owner","21.21 kmpl","1197 CC","81.80 bhp","113Nm@ 4200rpm",5
"Maruti Swift VXI",2019,550000,40000,Petrol,Individual,Manual,"First Owner","21.21 kmpl","1197 CC","81.80 bhp","113Nm@ 4200rpm",5
"Maruti Swift VXI",2019,595000,14548,Petrol,Dealer,Manual,"First Owner","21.21 kmpl","1197 CC","81.80 bhp","113Nm@ 4200rpm",5
"Maruti Swift VXI",2019,610000,18000,Petrol,Individual,Manual,"First Owner","21.21 kmpl","1197 CC","81.80 bhp","113Nm@ 4200rpm",5
"Maruti Vitara Brezza VDi AMT",2019,860000,6500,Diesel,Individual,Automatic,"First Owner","24.3 kmpl","1248 CC","88.5 bhp","200Nm@ 1750rpm",5
"Maruti Vitara Brezza VDi AMT",2019,860000,35000,Diesel,Individual,Automatic,"First Owner","24.3 kmpl","1248 CC","88.5 bhp","200Nm@ 1750rpm",5
"Maruti Vitara Brezza ZDi",2019,892000,10000,Diesel,Individual,Manual,"First Owner","24.3 kmpl","1248 CC","88.5 bhp","200Nm@ 1750rpm",5
"Maruti Vitara Brezza ZDi",2019,890000,9000,Diesel,Individual,Manual,"First Owner","24.3 kmpl","1248 CC","88.5 bhp","200Nm@ 1750rpm",5
"Maruti Vitara Brezza ZDi Plus",2019,980000,50000,Diesel,Individual,Manual,"First Owner","24.3 kmpl","1248 CC","88.5 bhp","200Nm@ 1750rpm",5
"Maruti Vitara Brezza ZDi Plus",2019,900000,40000,Diesel,Individual,Manual,"First Owner","24.3 kmpl","1248 CC","88.5 bhp","200Nm@ 1750rpm",5
"Maruti Vitara Brezza ZDi Plus AMT",2019,1025000,9850,Diesel,Individual,Automatic,"First Owner","24.3 kmpl","1248 CC","88.5 bhp","200Nm@ 1750rpm",5
"Maruti Wagon R LXI CNG Optional",2019,459999,35000,CNG,Individual,Manual,"First Owner","26.6 km/kg","998 CC","58.16 bhp","77Nm@ 3500rpm",5
"Maruti Wagon R VXI 1.2",2019,480000,25000,Petrol,Individual,Manual,"First Owner","20.52 kmpl","1197 CC","81.80 bhp","113Nm@ 4200rpm",5
"Maruti Wagon R VXI 1.2",2019,490000,10000,Petrol,Individual,Manual,"First Owner","20.52 kmpl","1197 CC","81.80 bhp","113Nm@ 4200rpm",5
"Maruti Wagon R VXI 1.2",2019,490000,10000,Petrol,Individual,Manual,"First Owner","20.52 kmpl","1197 CC","81.80 bhp","113Nm@ 4200rpm",5
"Maruti Wagon R VXI AMT Opt 1.2",2019,540000,5000,Petrol,Individual,Automatic,"First Owner","20.52 kmpl","1197 CC","81.80 bhp","113Nm@ 4200rpm",5
"Maruti XL6 Alpha",2019,1040000,1620,Petrol,Individual,Manual,"First Owner","19.01 kmpl","1462 CC","103.2 bhp","138nm@ 4400rpm",6
"Maruti XL6 Alpha",2019,1000000,15000,Petrol,Individual,Manual,"First Owner","19.01 kmpl","1462 CC","103.2 bhp","138nm@ 4400rpm",6
"Maruti XL6 Alpha",2019,1000000,15000,Petrol,Individual,Manual,"First Owner","19.01 kmpl","1462 CC","103.2 bhp","138nm@ 4400rpm",6
"Mercedes-Benz E-Class Exclusive E 200 BSIV",2019,5200000,17000,Petrol,Dealer,Automatic,"First Owner","15.0 kmpl","1991 CC","194.4 bhp","300Nm@ 1600-4000rpm",5
"Mercedes-Benz E-Class Exclusive E 200 BSIV",2019,5200000,17000,Petrol,Dealer,Automatic,"First Owner","15.0 kmpl","1991 CC","194.4 bhp","300Nm@ 1600-4000rpm",5
"MG Hector Sharp AT BSIV",2019,1750000,19000,Petrol,Dealer,Automatic,"First Owner","13.96 kmpl","1451 CC","141 bhp","250Nm@ 1600-3600rpm",5
"MG Hector Smart DCT",2019,1700000,16500,Petrol,Dealer,Automatic,"First Owner","13.96 kmpl","1451 CC","141 bhp","250Nm@ 1600-3600rpm",5
"Nissan Kicks XL BSIV",2019,860000,14317,Petrol,Dealer,Manual,"First Owner","14.23 kmpl","1498 CC","104.55 bhp","142Nm@ 4000rpm",5
"Nissan Kicks XL BSIV",2019,860000,14317,Petrol,Dealer,Manual,"First Owner","14.23 kmpl","1498 CC","104.55 bhp","142Nm@ 4000rpm",5
"Nissan Kicks XV BSIV",2019,950000,11533,Petrol,"Trustmark Dealer",Manual,"First Owner","14.23 kmpl","1498 CC","104.55 bhp","142Nm@ 4000rpm",5
"Nissan Kicks XV D BSIV",2019,1200000,23000,Diesel,Individual,Manual,"First Owner","20.45 kmpl","1461 CC","108.5 bhp","240Nm@ 1750rpm",5
"Renault KWID 1.0 RXT BSIV",2019,220000,90000,Petrol,Individual,Manual,"First Owner","23.01 kmpl","999 CC","67 bhp","91Nm@ 4250rpm",5
"Renault KWID 1.0 RXT BSIV",2019,390000,25000,Petrol,Individual,Manual,"First Owner","23.01 kmpl","999 CC","67 bhp","91Nm@ 4250rpm",5
"Renault KWID 1.0 RXT Optional",2019,420000,15000,Petrol,Individual,Manual,"First Owner","23.01 kmpl","999 CC","67 bhp","91Nm@ 4250rpm",5
"Renault KWID Climber 1.0 MT BSIV",2019,300000,35000,Petrol,Individual,Manual,"First Owner","23.01 kmpl","999 CC","67 bhp","91Nm@ 4250rpm",5
"Renault KWID Climber 1.0 MT BSIV",2019,300000,35000,Petrol,Individual,Manual,"First Owner","23.01 kmpl","999 CC","67 bhp","91Nm@ 4250rpm",5
"Renault KWID RXL",2019,380000,15000,Petrol,Individual,Manual,"First Owner","25.17 kmpl","799 CC","53.3 bhp","72Nm@ 4386rpm",5
"Renault KWID RXL",2019,310000,25000,Petrol,Individual,Manual,"First Owner","25.17 kmpl","799 CC","53.3 bhp","72Nm@ 4386rpm",5
"Renault KWID RXL",2019,320000,10000,Petrol,Individual,Manual,"First Owner","25.17 kmpl","799 CC","53.3 bhp","72Nm@ 4386rpm",5
"Renault KWID RXL",2019,325000,14700,Petrol,Individual,Manual,"First Owner","25.17 kmpl","799 CC","53.3 bhp","72Nm@ 4386rpm",5
"Renault KWID RXT Optional",2019,290000,21000,Petrol,Individual,Manual,"First Owner","25.17 kmpl","799 CC","53.3 bhp","72Nm@ 4386rpm",5
"Renault KWID RXT Optional",2019,395000,10000,Petrol,Individual,Manual,"First Owner","25.17 kmpl","799 CC","53.3 bhp","72Nm@ 4386rpm",5
"Renault KWID RXT Optional",2019,350000,15000,Petrol,Individual,Manual,"First Owner","25.17 kmpl","799 CC","53.3 bhp","72Nm@ 4386rpm",5
"Renault KWID RXT Optional",2019,290000,21000,Petrol,Individual,Manual,"First Owner","25.17 kmpl","799 CC","53.3 bhp","72Nm@ 4386rpm",5
"Renault Triber RXT BSIV",2019,580000,12000,Petrol,Individual,Manual,"First Owner","20.0 kmpl","999 CC","72 bhp","96Nm@ 3500rpm",7
"Renault Triber RXT BSIV",2019,600000,5000,Petrol,Individual,Manual,"First Owner","20.0 kmpl","999 CC","72 bhp","96Nm@ 3500rpm",7
"Renault Triber RXT BSIV",2019,600000,5000,Petrol,Individual,Manual,"First Owner","20.0 kmpl","999 CC","72 bhp","96Nm@ 3500rpm",7
"Renault Triber RXZ",2019,786000,7720,Petrol,Individual,Manual,"First Owner","20.0 kmpl","999 CC","71 bhp","96Nm@ 3500rpm",7
"Renault Triber RXZ BSIV",2019,675000,5000,Petrol,Individual,Manual,"First Owner","20.0 kmpl","999 CC","72 bhp","96Nm@ 3500rpm",7
"Renault Triber RXZ BSIV",2019,650000,5000,Petrol,Individual,Manual,"First Owner","20.0 kmpl","999 CC","72 bhp","96Nm@ 3500rpm",7
"Renault Triber RXZ BSIV",2019,675000,5000,Petrol,Individual,Manual,"First Owner","20.0 kmpl","999 CC","72 bhp","96Nm@ 3500rpm",7
"Renault Triber RXZ BSIV",2019,700000,6500,Petrol,Individual,Manual,"First Owner","20.0 kmpl","999 CC","72 bhp","96Nm@ 3500rpm",7
"Renault Triber RXZ BSIV",2019,700000,6500,Petrol,Individual,Manual,"First Owner","20.0 kmpl","999 CC","72 bhp","96Nm@ 3500rpm",7
"Skoda Octavia Style Plus 2.0 TDI AT",2019,2600000,11000,Diesel,Dealer,Automatic,"First Owner","19.3 kmpl","1968 CC","141 bhp","320Nm@ 1750-3000rpm",5
"Skoda Rapid 1.6 MPI Ambition BSIV",2019,725000,25000,Petrol,Individual,Manual,"First Owner","15.41 kmpl","1598 CC","103.2 bhp","153Nm@ 3750-3800rpm",5
"Skoda Rapid 1.6 MPI AT Ambition BSIV",2019,835000,10000,Petrol,Individual,Automatic,"First Owner","14.84 kmpl","1598 CC","103.2 bhp","153Nm@ 3750-3800rpm",5
"Tata Bolt Quadrajet XE",2019,660000,35000,Diesel,Individual,Manual,"First Owner","22.95 kmpl","1248 CC","74 bhp","190Nm@ 1750-3000rpm",5
"Tata Harrier XZ",2019,1650000,15000,Diesel,Dealer,Manual,"First Owner","17.0 kmpl","1956 CC","167.67 bhp","350Nm@ 1750-2500rpm",5
"Tata Harrier XZ BSIV",2019,1700000,15000,Diesel,Individual,Manual,"First Owner","17.0 kmpl","1956 CC","138.1 bhp","350Nm@ 1750-2500rpm",5
"Tata Harrier XZ Dark Edition BSIV",2019,1630000,25000,Diesel,Individual,Manual,"First Owner","17.0 kmpl","1956 CC","138.1 bhp","350Nm@ 1750-2500rpm",5
"Tata Hexa XE",2019,1250000,15000,Diesel,Individual,Manual,"First Owner","17.6 kmpl","2179 CC","147.94 bhp","320Nm@ 1500-3000rpm",7
"Tata Hexa XE",2019,1250000,15000,Diesel,Individual,Manual,"First Owner","17.6 kmpl","2179 CC","147.94 bhp","320Nm@ 1500-3000rpm",7
"Tata Nexon 1.5 Revotorq XZA Plus",2019,1140000,10000,Diesel,Individual,Automatic,"First Owner","21.5 kmpl","1497 CC","108.5 bhp","260Nm@ 1500-2750rpm",5
"Tata Safari Storme VX Varicor 400",2019,1250000,100000,Diesel,Individual,Manual,"First Owner","14.1 kmpl","2179 CC","153.86 bhp","400Nm@ 1750-2500rpm",7
"Tata Tiago 1.2 Revotron XE",2019,346000,16000,Petrol,Individual,Manual,"First Owner","23.84 kmpl","1199 CC","84 bhp","114Nm@ 3500rpm",5
"Tata Tiago 1.2 Revotron XT",2019,409999,25000,Petrol,Individual,Manual,"First Owner","23.84 kmpl","1199 CC","84 bhp","114Nm@ 3500rpm",5
"Tata Tiago 1.2 Revotron XZ",2019,459999,10000,Petrol,Individual,Manual,"First Owner","23.84 kmpl","1199 CC","84 bhp","114Nm@ 3500rpm",5
"Tata Tiago 1.2 Revotron XZ Plus Dual Tone",2019,500000,5000,Petrol,Individual,Manual,"First Owner","23.84 kmpl","1199 CC","84 bhp","114Nm@ 3500rpm",5
"Tata Tiago 1.2 Revotron XZA",2019,550000,30000,Petrol,Individual,Automatic,"First Owner","23.84 kmpl","1199 CC","83.83 bhp","114Nm@ 3500rpm",5
"Tata Tiago 1.2 Revotron XZA",2019,525000,9200,Petrol,Individual,Automatic,"First Owner","23.84 kmpl","1199 CC","83.83 bhp","114Nm@ 3500rpm",5
"Tata Tiago 2019-2020 XZ Plus Diesel",2019,670000,2000,Diesel,Individual,Manual,"First Owner","27.28 kmpl","1047 CC","69 bhp","140Nm@ 1800-3000rpm",5
"Tata Tiago 2019-2020 XZ Plus Dual Tone",2019,450000,3500,Petrol,Individual,Manual,"First Owner","23.84 kmpl","1199 CC","83.83 bhp","114Nm@ 3500rpm",5
"Tata Tiago 2019-2020 XZ Plus Dual Tone",2019,450000,3500,Petrol,Individual,Manual,"First Owner","23.84 kmpl","1199 CC","83.83 bhp","114Nm@ 3500rpm",5
"Tata Tiago NRG Petrol",2019,550000,10000,Petrol,Individual,Manual,"First Owner","24.0 kmpl","1199 CC","83.81 bhp","114Nm@ 3500rpm",5
"Tata Tiago NRG Petrol AMT",2019,520000,2560,Petrol,Individual,Automatic,"First Owner","24.0 kmpl","1199 CC","83.81 bhp","114Nm@ 3500rpm",5
"Tata Tiago XT",2019,490000,33928,Petrol,Dealer,Manual,"First Owner","23.84 kmpl","1199 CC","84.48 bhp","113Nm@ 3300rpm",5
"Tata Tigor 1.2 Revotron XE",2019,450000,25000,Petrol,Individual,Manual,"First Owner","20.3 kmpl","1199 CC","84 bhp","114Nm@ 3500rpm",5
"Tata Tigor 1.2 Revotron XT",2019,550000,15000,Petrol,Individual,Manual,"First Owner","20.3 kmpl","1199 CC","84 bhp","114Nm@ 3500rpm",5
"Tata Tigor 1.2 Revotron XZ",2019,520000,14000,Petrol,Individual,Manual,"First Owner","20.3 kmpl","1199 CC","84 bhp","114Nm@ 3500rpm",5
"Tata Tigor 2017-2020 XZ Plus",2019,600000,5200,Petrol,Individual,Manual,"First Owner","20.3 kmpl","1199 CC","83.81 bhp","114Nm@ 3500rpm",5
"Tata Tigor 2017-2020 XZ Plus",2019,530000,20000,Petrol,Individual,Manual,"First Owner","20.3 kmpl","1199 CC","83.81 bhp","114Nm@ 3500rpm",5
"Tata Tigor 2017-2020 XZ Plus",2019,650000,20000,Petrol,Individual,Manual,"First Owner","20.3 kmpl","1199 CC","83.81 bhp","114Nm@ 3500rpm",5
"Tata Tigor 2017-2020 XZ Plus Diesel",2019,900000,8079,Diesel,Dealer,Manual,"First Owner","24.7 kmpl","1047 CC","69 bhp","140Nm@ 1800-3000rpm",5
"Tata Zest Quadrajet 1.3 75PS XE",2019,650000,15000,Diesel,Individual,Manual,"First Owner","22.95 kmpl","1248 CC","74 bhp","190Nm@ 1750-3000rpm",5
"Tata Zest Revotron 1.2T XMS",2019,620000,100000,Petrol,Individual,Manual,"First Owner","17.57 kmpl","1193 CC","88.7 bhp","140Nm@ 1500-4000rpm",5
"Toyota Glanza G CVT",2019,800000,10000,Petrol,Individual,Automatic,"First Owner","19.56 kmpl","1197 CC","81.80 bhp","113Nm@ 4200rpm",5
"Toyota Glanza G Smart Hybrid",2019,700000,5000,Petrol,Individual,Manual,"First Owner","23.87 kmpl","1197 CC","88.50 bhp","113Nm@ 4400rpm",5
"Toyota Glanza V CVT",2019,894999,9654,Petrol,Dealer,Automatic,"First Owner","19.56 kmpl","1197 CC","81.80 bhp","113Nm@ 4200rpm",5
"Toyota Glanza V CVT",2019,894999,9654,Petrol,Dealer,Automatic,"First Owner","19.56 kmpl","1197 CC","81.80 bhp","113Nm@ 4200rpm",5
"Toyota Innova Crysta 2.8 GX AT 8S BSIV",2019,1925000,43000,Diesel,Dealer,Automatic,"First Owner","11.36 kmpl","2755 CC","171.5 bhp","360Nm@ 1200-3400rpm",8
"Toyota Innova Crysta 2.8 GX AT 8S BSIV",2019,1925000,43000,Diesel,Dealer,Automatic,"First Owner","11.36 kmpl","2755 CC","171.5 bhp","360Nm@ 1200-3400rpm",8
"Volkswagen Ameo 1.0 MPI Comfortline",2019,550000,30000,Petrol,Individual,Manual,"Second Owner","19.44 kmpl","999 CC","75 bhp","95Nm@ 3000-4300rpm",5
"Volkswagen Ameo 1.0 MPI Trendline",2019,480000,13000,Petrol,Individual,Manual,"First Owner","19.44 kmpl","999 CC","75 bhp","95Nm@ 3000-4300rpm",5
"Volkswagen Ameo 1.0 MPI Trendline",2019,500000,20000,Petrol,Individual,Manual,"First Owner","19.44 kmpl","999 CC","75 bhp","95Nm@ 3000-4300rpm",5
"Volkswagen Ameo 1.2 MPI Comfortline Plus",2019,640000,10000,Petrol,Dealer,Manual,"First Owner","17.0 kmpl","1198 CC","73.75 bhp","110Nm@ 3750rpm",5
"Volkswagen Ameo 1.5 TDI Highline Plus",2019,800000,25000,Diesel,Individual,Manual,"First Owner","21.66 kmpl","1498 CC","108.62 bhp","250Nm@ 1500-3000rpm",5
"Volkswagen Polo 1.0 MPI Trendline BSIV",2019,565000,7000,Petrol,Individual,Manual,"First Owner","18.78 kmpl","999 CC","75 bhp","95Nm@ 3000-4300rpm",5
"Volkswagen Polo 1.2 MPI Comfortline",2019,635000,2000,Petrol,Dealer,Manual,"First Owner","16.2 kmpl","1199 CC","74 bhp","110Nm@ 3000-4300rpm",5
"Volkswagen Polo 1.5 TDI Comfortline",2019,695000,36800,Diesel,Dealer,Manual,"First Owner","20.14 kmpl","1498 CC","88 bhp","230Nm@ 1500-2500rpm",5
"Volkswagen Polo 1.5 TDI Comfortline",2019,695000,36800,Diesel,Dealer,Manual,"First Owner","20.14 kmpl","1498 CC","88 bhp","230Nm@ 1500-2500rpm",5
"Volkswagen Polo 2015-2019 1.0 MPI Comfortline",2019,585000,10000,Petrol,Individual,Manual,"First Owner","18.78 kmpl","999 CC","75 bhp","95Nm@ 3000-4300rpm",5
"Volkswagen Polo 2015-2019 1.0 MPI Trendline",2019,570000,5000,Petrol,Individual,Manual,"First Owner","18.78 kmpl","999 CC","75 bhp","95Nm@ 3000-4300rpm",5
"Volkswagen Vento 1.5 TDI Highline BSIV",2019,1350000,5400,Diesel,Dealer,Manual,"Test Drive Car","22.27 kmpl","1498 CC","108.6 bhp","250Nm@ 1500-3000rpm",5
"Volvo S90 D4 Inscription BSIV",2019,5500000,17000,Diesel,Individual,Automatic,"First Owner","18.0 kmpl","1969 CC","190 bhp",400Nm,5
"Volvo XC40 D4 Inscription BSIV",2019,3800000,20000,Diesel,Individual,Automatic,"First Owner","18.0 kmpl","1969 CC","190 bhp",400Nm,5
"Volvo XC40 D4 Inscription BSIV",2019,3800000,20000,Diesel,Individual,Automatic,"First Owner","18.0 kmpl","1969 CC","190 bhp",400Nm,5
"Volvo XC40 D4 Inscription BSIV",2019,3800000,20000,Diesel,Individual,Automatic,"First Owner","18.0 kmpl","1969 CC","190 bhp",400Nm,5
"Volvo XC40 D4 Inscription BSIV",2019,3800000,20000,Diesel,Individual,Automatic,"First Owner","18.0 kmpl","1969 CC","190 bhp",400Nm,5
"Volvo XC40 D4 Inscription BSIV",2019,3800000,20000,Diesel,Individual,Automatic,"First Owner","18.0 kmpl","1969 CC","190 bhp",400Nm,5
"Volvo XC40 D4 Inscription BSIV",2019,3800000,20000,Diesel,Individual,Automatic,"First Owner","18.0 kmpl","1969 CC","190 bhp",400Nm,5
"Volvo XC40 D4 Inscription BSIV",2019,3800000,20000,Diesel,Individual,Automatic,"First Owner","18.0 kmpl","1969 CC","190 bhp",400Nm,5
"Volvo XC40 D4 Inscription BSIV",2019,3800000,20000,Diesel,Individual,Automatic,"First Owner","18.0 kmpl","1969 CC","190 bhp",400Nm,5
"Volvo XC40 D4 Inscription BSIV",2019,3800000,20000,Diesel,Individual,Automatic,"First Owner","18.0 kmpl","1969 CC","190 bhp",400Nm,5
"Volvo XC40 D4 Inscription BSIV",2019,3800000,20000,Diesel,Individual,Automatic,"First Owner","18.0 kmpl","1969 CC","190 bhp",400Nm,5
"Volvo XC40 D4 Inscription BSIV",2019,3800000,20000,Diesel,Individual,Automatic,"First Owner","18.0 kmpl","1969 CC","190 bhp",400Nm,5
"Volvo XC40 D4 Inscription BSIV",2019,3800000,20000,Diesel,Individual,Automatic,"First Owner","18.0 kmpl","1969 CC","190 bhp",400Nm,5
"Volvo XC40 D4 Inscription BSIV",2019,3800000,20000,Diesel,Individual,Automatic,"First Owner","18.0 kmpl","1969 CC","190 bhp",400Nm,5
"Volvo XC40 D4 Inscription BSIV",2019,3800000,20000,Diesel,Individual,Automatic,"First Owner","18.0 kmpl","1969 CC","190 bhp",400Nm,5
"Volvo XC40 D4 Inscription BSIV",2019,3800000,20000,Diesel,Individual,Automatic,"First Owner","18.0 kmpl","1969 CC","190 bhp",400Nm,5
"Volvo XC40 D4 Inscription BSIV",2019,3800000,20000,Diesel,Individual,Automatic,"First Owner","18.0 kmpl","1969 CC","190 bhp",400Nm,5
"Volvo XC40 D4 Inscription BSIV",2019,3800000,20000,Diesel,Individual,Automatic,"First Owner","18.0 kmpl","1969 CC","190 bhp",400Nm,5
"Volvo XC40 D4 Inscription BSIV",2019,3800000,20000,Diesel,Individual,Automatic,"First Owner","18.0 kmpl","1969 CC","190 bhp",400Nm,5
"Volvo XC40 D4 Inscription BSIV",2019,3800000,20000,Diesel,Individual,Automatic,"First Owner","18.0 kmpl","1969 CC","190 bhp",400Nm,5
"Volvo XC40 D4 Inscription BSIV",2019,3800000,20000,Diesel,Individual,Automatic,"First Owner","18.0 kmpl","1969 CC","190 bhp",400Nm,5
"Volvo XC40 D4 Inscription BSIV",2019,3800000,20000,Diesel,Individual,Automatic,"First Owner","18.0 kmpl","1969 CC","190 bhp",400Nm,5
"Volvo XC40 D4 Inscription BSIV",2019,3800000,20000,Diesel,Individual,Automatic,"First Owner","18.0 kmpl","1969 CC","190 bhp",400Nm,5
"Volvo XC40 D4 Inscription BSIV",2019,3800000,20000,Diesel,Individual,Automatic,"First Owner","18.0 kmpl","1969 CC","190 bhp",400Nm,5
"Volvo XC40 D4 Inscription BSIV",2019,3800000,20000,Diesel,Individual,Automatic,"First Owner","18.0 kmpl","1969 CC","190 bhp",400Nm,5
"Volvo XC40 D4 Inscription BSIV",2019,3800000,20000,Diesel,Individual,Automatic,"First Owner","18.0 kmpl","1969 CC","190 bhp",400Nm,5
"Volvo XC40 D4 Inscription BSIV",2019,3800000,20000,Diesel,Individual,Automatic,"First Owner","18.0 kmpl","1969 CC","190 bhp",400Nm,5
"Volvo XC40 D4 Inscription BSIV",2019,3800000,20000,Diesel,Individual,Automatic,"First Owner","18.0 kmpl","1969 CC","190 bhp",400Nm,5
"Volvo XC40 D4 Inscription BSIV",2019,3800000,20000,Diesel,Individual,Automatic,"First Owner","18.0 kmpl","1969 CC","190 bhp",400Nm,5
"Volvo XC40 D4 Inscription BSIV",2019,3800000,20000,Diesel,Individual,Automatic,"First Owner","18.0 kmpl","1969 CC","190 bhp",400Nm,5
"Volvo XC40 D4 Inscription BSIV",2019,3800000,20000,Diesel,Individual,Automatic,"First Owner","18.0 kmpl","1969 CC","190 bhp",400Nm,5
